Title,Slug,category_key (Plain text),category_sv (Plain text),category_en (Plain text),subcategory_sv (Plain text),subcategory_en (Plain text),name_sv (Plain text),name_en (Plain text),article_numbers (Plain text),overview_sv (Plain text),overview_en (Plain text),description_sv (Rich text),description_en (Rich text),features_sv (Rich text),features_en (Rich text),image_1 (Image),image_2 (Image),image_3 (Image),image_4 (Image),image_5 (Image),image_6 (Image),caption_sv_6 (Plain text),caption_en_6 (Plain text),image_7 (Image),caption_sv_7 (Plain text),caption_en_7 (Plain text),image_8 (Image),caption_sv_8 (Plain text),caption_en_8 (Plain text),image_9 (Image),caption_sv_9 (Plain text),caption_en_9 (Plain text),image_10 (Image),image_11 (Image),source_url_sv (Link),source_url_en (Link),source_product_slug (Plain text)
iRAMP Vehicle Two-piece,fordonsmonterad-2-delad-ramp,fordon,Fordonsmonterade,Vehicle-mounted,Fordonsmonterad 2-delade ramper,iRAMP Vehicle Two-piece,Fordonsmonterad 2-delade ramper,iRAMP Vehicle Two-piece,"10851, 10853, 10855, 10861, 10863, 10872, 10874, 12374, 10852, 10854, 10860, 10862, 10871, 10873",Tvådelad lastramp för skåpbilar. Nät- och sidokantsval för lastning i vardagsarbetet.,Two-piece vehicle loading ramp for vans. Mesh and side plate options for everyday loading work.,"## iRAMP Vehicle - den nya lastrampen

iRAMP Vehicle ersätter BGR
Efter många år med BGR, lastrampen som inte bara är uppfunnen i Horndal, Sverige utan även sålts till alla världsdelar och satt en standard på hur en lastramp ska se ut och fungera, så tycker vi att det är dags att presentera iRAMP Vehicle.

För oss handlar design lika mycket om förståelse för kundens behov och att hitta lösningar för den dagliga användningen. Lösningar som gör det lättare att leva, resa och arbeta.

- Ny överdel
- Enklare på- och avfart
- Mindre underhåll
- Hjul på alla 2-delade ramper

## Åkytor

Våra lastramper är ytbehandlade och har ett mycket bra grepp som gör i- och urlastning enkel och säker. Den perforerade åkytan släpper igenom snö och smuts samt ger föraren sikt igenom den uppfällda rampen i backspegeln. Ramperna kan beställas med tre olika åkytor; standardnät, tätnät eller durkplåt i ytterkant.

Vår patenterade överdel gör att rampen alltid ligger plant i bilen vilket underlättar i- och urlastning.

Våra nyutvecklade anslutningar ger smidig på- och avfart genom sömlös övergång mellan åkyta och överdel.

Underhållsfritt med smörjfria leder.

Hjul på alla tvådelade ramper, vilket underlättar det dagliga användandet.

## Krocktestad för din säkerhet

För din säkerhet har den nya iRAMP Vehicle designats och testats enligt UN/ECE-Regulation No. 17 med en belastning på 20G (30ms) utfört i ett slädtest.
”För oss fanns det inget alternativ, naturligtvis skulle rampen testas! Vi känner oss trygga, vi har utvecklat en ramp som kan hantera en krash.”
- Björne Stjernsten, utvecklare av iRAMP Vehicle","## Meet the new iRAMP Vehicle

Design isn’t only what is seen by the naked eye. For us, design is just as much about understanding the customer’s needs and finding solutions for everyday use. Solutions that make it easier to live, travel and work. Our products are always simple and stylish, using durable materials that blend in well in all types of environments.
Our inspiration comes from designing a quality product, with a simple, minimalist design whilst functional for our customers to use.

## Surface Options

Our loading ramps have a unique surface treatment that provides excellent grip and makes loading and unloading simple and safe. The perforations in the mesh let through snow, rain and dirt allowing good rear view visibility in the vehicle, as well as keeping the inside of your vehicle as clean as possible. The ramps can be ordered with three different surfaces, standard mesh, tight mesh or with checker plate and mesh combination on the platform.

Our patented articulated top transit plate adjusts to any height to avoid ledges or bumps allowing for a smoother transition in and out of the vehicle.

Seamless transition on and off the ramp through our newly developed upper and lower transition plate.

Non-lubricated joints for hassle free maintenance.

Wheels on all two-piece ramps for easier folding/unfolding.

## Crash tested for your safety

For your safety, the new iRAMP Vehicle is designed and tested according to UN-Regulation No.17. The ramp and its fixations successfully withstood the load of a 20G (30ms) deceleration sled test.
”For us there was no alternative. Of course, the ramp would be tested! We feel safe. We have developed a ramp that can handle a crash.”
- Björne Stjernsten, Developer of iRAMP Vehicle

900 mm Width

820 mm Width","### Standardnät

### Tätnät

### Durkplåt i ytterkant","### Standard Mesh

### Tight Mesh

### Checkers Plates On Side",https://cdn.jsdelivr.net/gh/redelefant-mr-e/FEAL@main/assets/images/1331_d01b21ca.jpg,https://cdn.jsdelivr.net/gh/redelefant-mr-e/FEAL@main/assets/images/1371_c2449cc0b3b7ba7a262aecf1f85cf7ba.jpg,https://cdn.jsdelivr.net/gh/redelefant-mr-e/FEAL@main/assets/images/1333_961ad98d.jpg,https://cdn.jsdelivr.net/gh/redelefant-mr-e/FEAL@main/assets/images/1334_961ad98d.jpg,https://cdn.jsdelivr.net/gh/redelefant-mr-e/FEAL@main/assets/images/1335_961ad98d.jpg,https://cdn.jsdelivr.net/gh/redelefant-mr-e/FEAL@main/assets/images/1336_78c94cfb.jpg,Vår patenterade överdel gör att rampen alltid ligger plant i bilen vilket underlättar i- och urlastning.,Our patented articulated top transit plate adjusts to any height to avoid ledges or bumps allowing for a smoother transition in and out of the vehicle.,https://cdn.jsdelivr.net/gh/redelefant-mr-e/FEAL@main/assets/images/1337_78c94cfb.jpg,Våra nyutvecklade anslutningar ger smidig på- och avfart genom sömlös övergång mellan åkyta och överdel.,Seamless transition on and off the ramp through our newly developed upper and lower transition plate.,https://cdn.jsdelivr.net/gh/redelefant-mr-e/FEAL@main/assets/images/1370_78c94cfb.jpg,Underhållsfritt med smörjfria leder.,Non-lubricated joints for hassle free maintenance.,https://www.feal.se/20.0.0.0/1339/cache/1339_78c94cfb.jpg,"Hjul på alla tvådelade ramper, vilket underlättar det dagliga användandet.",Wheels on all two-piece ramps for easier folding/unfolding.,https://www.feal.se/20.0.0.0/1340/cache/1340_eedea0d0.jpg,https://www.feal.se/20.0.0.0/1460/cache/1460_d01b21ca.jpg,https://www.feal.se/ramper/fordonsramper/iramp-vehicle-tvadelad,https://www.feal.se/ramps/vehicle-ramps/iramp-vehicle-two-piece,iramp-vehicle-tvadelad
iRAMP Vehicle Three-piece,fordonsmonterad-3-delad-ramp,fordon,Fordonsmonterade,Vehicle-mounted,Fordonsmonterad 3-delade ramper,iRAMP Vehicle Three-piece,Fordonsmonterad 3-delade ramper,iRAMP Vehicle Three-piece,"10870, 10881, 10883, 10885, 10887, 10889, 10891, 10869, 10880, 10882, 10884, 10886, 10888, 10890",Tredelad lastramp för längre räckvidd. Samma iRAMP Vehicle-konstruktion för tuffare lastjobb.,Three-piece vehicle loading ramp for longer reaches. Same iRAMP Vehicle build for tougher loading jobs.,"## iRAMP Vehicle - den nya lastrampen

Design är inte bara det som syns med blotta ögat. För oss handlar design lika mycket om förståelse för kundens behov och att hitta lösningar för den dagliga användningen. Lösningar som gör det lättare att leva, resa och arbeta. Våra produkter är alltid enkla, snygga och smälter in bra i alla typer av miljöer.
Vår inspiration kommer från att designa en kvalitetsprodukt med en enkel, minimalistisk design samtidigt som den är funktionell för våra kunder att använda.

## Åkytor

Våra lastramper är ytbehandlade och har ett mycket bra grepp som gör i- och urlastning enkel och säker. Den perforerade åkytan släpper igenom snö och smuts samt ger föraren sikt igenom den uppfällda rampen i backspegeln. Ramperna kan beställas med tre olika åkytor; standardnät, tätnät eller durkplåt i ytterkant.

Vår patenterade överdel gör att rampen alltid ligger plant i bilen vilket underlättar i- och urlastning.

Våra nyutvecklade anslutningar ger smidig på- och avfart genom sömlös övergång mellan åkyta och överdel.

Underhållsfritt med smörjfria leder.

Hjul på alla tvådelade ramper, vilket underlättar det dagliga användandet.

## Krocktestad för din säkerhet

För din säkerhet har den nya iRAMP Vehicle designats och testats enligt UN/ECE-Regulation No. 17 med en belastning på 20G (30ms) utfört i ett slädtest.
”För oss fanns det inget alternativ, naturligtvis skulle rampen testas! Vi känner oss trygga, vi har utvecklat en ramp som kan hantera en krash.”
- Björne Stjernsten, utvecklare av iRAMP Vehicle","## Meet the new iRAMP Vehicle

Design isn’t only what is seen by the naked eye. For us, design is just as much about understanding the customer’s needs and finding solutions for everyday use. Solutions that make it easier to live, travel and work. Our products are always simple and stylish, using durable materials that blend in well in all types of environments.
Our inspiration comes from designing a quality product, with a simple, minimalist design whilst functional for our customers to use.

## Surface Options

Our loading ramps have a unique surface treatment that provides excellent grip and makes loading and unloading simple and safe. The perforations in the mesh let through snow, rain and dirt allowing good rear view visibility in the vehicle, as well as keeping the inside of your vehicle as clean as possible. The ramps can be ordered with three different surfaces, standard mesh, tight mesh or with checker plate and mesh combination on the platform.

Our patented articulated top transit plate adjusts to any height to avoid ledges or bumps allowing for a smoother transition in and out of the vehicle.

Seamless transition on and off the ramp through our newly developed upper and lower transition plate.

Non-lubricated joints for hassle free maintenance.

Wheels on all two-piece ramps for easier folding/unfolding.

## Crash tested for your safety

For your safety, the new iRAMP Vehicle is designed and tested according to UN-Regulation No.17. The ramp and its fixations successfully withstood the load of a 20G (30ms) deceleration sled test.
”For us there was no alternative. Of course, the ramp would be tested! We feel safe. We have developed a ramp that can handle a crash.”
- Björne Stjernsten, Developer of iRAMP Vehicle

900 mm Width

820 mm Width","### Standardnät

### Tätnät

### Durkplåt i ytterkant","### Standard Mesh

### Tight Mesh

### Checkers Plates On Side",https://cdn.jsdelivr.net/gh/redelefant-mr-e/FEAL@main/assets/images/1331_d01b21ca.jpg,https://cdn.jsdelivr.net/gh/redelefant-mr-e/FEAL@main/assets/images/1373_db959a301a2f5da55c93ebf652fd64e0.jpg,https://cdn.jsdelivr.net/gh/redelefant-mr-e/FEAL@main/assets/images/1333_961ad98d.jpg,https://cdn.jsdelivr.net/gh/redelefant-mr-e/FEAL@main/assets/images/1334_961ad98d.jpg,https://cdn.jsdelivr.net/gh/redelefant-mr-e/FEAL@main/assets/images/1335_961ad98d.jpg,https://cdn.jsdelivr.net/gh/redelefant-mr-e/FEAL@main/assets/images/1336_78c94cfb.jpg,Vår patenterade överdel gör att rampen alltid ligger plant i bilen vilket underlättar i- och urlastning.,Our patented articulated top transit plate adjusts to any height to avoid ledges or bumps allowing for a smoother transition in and out of the vehicle.,https://cdn.jsdelivr.net/gh/redelefant-mr-e/FEAL@main/assets/images/1337_78c94cfb.jpg,Våra nyutvecklade anslutningar ger smidig på- och avfart genom sömlös övergång mellan åkyta och överdel.,Seamless transition on and off the ramp through our newly developed upper and lower transition plate.,https://cdn.jsdelivr.net/gh/redelefant-mr-e/FEAL@main/assets/images/1370_78c94cfb.jpg,Underhållsfritt med smörjfria leder.,Non-lubricated joints for hassle free maintenance.,https://www.feal.se/20.0.0.0/1339/cache/1339_78c94cfb.jpg,"Hjul på alla tvådelade ramper, vilket underlättar det dagliga användandet.",Wheels on all two-piece ramps for easier folding/unfolding.,https://www.feal.se/20.0.0.0/1340/cache/1340_eedea0d0.jpg,https://www.feal.se/20.0.0.0/1461/cache/1461_d01b21ca.jpg,https://www.feal.se/ramper/fordonsramper/iramp-vehicle-tredelad,https://www.feal.se/ramps/vehicle-ramps/iramp-vehicle-three-piece,iramp-vehicle-tredelad
