Title,Slug,category_key,category_sv,category_en,subcategory_sv,subcategory_en,name_sv,name_en,description_sv,description_en,features_sv,features_en,image_1,image_2,image_3,image_4,image_5,image_6,image_7,image_8,source_url_sv,source_url_en,parent_page_sv,parent_page_en
Fixed ramp,fasta-ramper,portabla-ramper,Portabla ramper,Portable Ramps,Portabla ramper,Portable Ramps,Fast ramp,Fixed ramp,Våra fasta ramper finns i flera olika storlekar för alla behov.,Our fixed ramps are available in multiple sizes to suit all needs.,"### Halksäker yta
De unika greppytorna på våra portabla ramper har utvecklats för att skapa den mest halksäkra rampen med det ultimata greppet för uppåt- och nedåtrullning.

### Lätt att bära
De nya handtagen gör rampen mycket enkel att bära. För att handtagen skall ta så liten plats som möjligt, kan de fällas in mot sidoprofilen. Handtagen kan enkelt demonteras eller flyttas till motsatt sida

### Lägsta möjliga vikt
Med de nya profilerna och den perforerade åkytan, har vi kunnat reducera vikten med omkring 10%, jämfört med våra tidigare ramper.","### Non-slip surface
The unique grip areas of our portable ramps have been developed to create the most slip-resistant ramp with the ultimate grip for up and down rolling.

### Easy to carry
The new handles make the ramp very easy to carry. To handle to take up as little space as possible, they can be folded up against the side profile. The handles can be easily disassembled or moved to the opposite side

### Lowest possible weight
With the new profiles and perforated surface, we have been able to reduce the weight by about 10%, compared to our previous ramps.",https://cdn.jsdelivr.net/gh/redelefant-mr-e/FEAL@main/assets/images/1151_d01b21ca.png,https://cdn.jsdelivr.net/gh/redelefant-mr-e/FEAL@main/assets/images/1148_21e8db2ed47da1c83cadd4d677bc6cb3.jpg,https://cdn.jsdelivr.net/gh/redelefant-mr-e/FEAL@main/assets/images/1152_f9c4ecbd129b7b3ba720f8a85745f299.jpg,https://cdn.jsdelivr.net/gh/redelefant-mr-e/FEAL@main/assets/images/1153_dbf6459c67706f784e43cbe9701c051b.jpg,,,,,https://www.feal.se/ramper/portabla-ramper/fasta-ramper,https://www.feal.se/ramps/portable-ramps/fixed-ramps,,
Telescopic ramp,teleskopramper,portabla-ramper,Portabla ramper,Portable Ramps,Portabla ramper,Portable Ramps,Teleskopisk ramp,Telescopic ramp,"Våra teleskopiska ramper finns i flera längder, så att de kan användas i många olika miljöer.",Our telescopic ramps are available in multiple lengths so that they can be used in many different environments.,"### Halksäker yta
De unika greppytorna på våra portabla ramper har utvecklats för att skapa den mest halksäkra rampen med det ultimata greppet för uppåt- och nedåtrullning.

### Unik låsfunktion
Alla teleskopiska ramper är försedda med transportsäkring som hindrar rampdelarna att glida isär under transport eller då man bär ramperna.

### Lägsta möjliga vikt
Med de nya profilerna och den perforerade åkytan, har vi kunnat reducera vikten med omkring 10%, jämfört med våra tidigare ramper.","### Non-slip surface
The unique grip areas of our portable ramps have been developed to create the most slip-resistant ramp with the ultimate grip for up and down rolling.

### Unique lock feature
All telescopic ramps are provided with transport protection that prevents the ramps from sliding apart during transport or when carrying the ramps.

### Lowest possible weight
With the new profiles and the perforated area, we have been able to reduce the weight by about 10%, compared to our previous ramps.",https://cdn.jsdelivr.net/gh/redelefant-mr-e/FEAL@main/assets/images/1147_d01b21ca.png,https://cdn.jsdelivr.net/gh/redelefant-mr-e/FEAL@main/assets/images/1148_961ad98d.jpg,https://cdn.jsdelivr.net/gh/redelefant-mr-e/FEAL@main/assets/images/1149_961ad98d.png,https://cdn.jsdelivr.net/gh/redelefant-mr-e/FEAL@main/assets/images/1150_961ad98d.jpg,,,,,https://www.feal.se/ramper/portabla-ramper/teleskopramper,https://www.feal.se/ramps/portable-ramps/teleskopic-ramps,,
Folding ramps,vikbara-ramper,portabla-ramper,Portabla ramper,Portable Ramps,Portabla ramper,Portable Ramps,Vikbara ramper,Folding ramps,Våra vikbara ramper är enkla att ta med och finns i flera olika storlekar för att passa alla behov.,Our folding ramps are available in multiple lengths so that they can be used in many different environments.,"### Halksäker yta
De unika greppytorna på våra portabla ramper har utvecklats för att skapa den mest halksäkra rampen med det ultimata greppet för uppåt- och nedåtrullning.

### Lätt att bära
De nya handtagen gör rampen mycket enkel att bära. för att handtagen skall ta så liten plats som möjligt, kan de fällas in mot sidoprofilen. Handtagen kan enkelt demonteras eller flyttas till motsatt sida

### Lägsta möjliga vikt
Med de nya profilerna och den perforerade åkytan, har vi kunnat reducera vikten med omkring 10%, jämfört med våra tidigare ramper.","### Non-slip surface
The unique grip areas of our portable ramps have been developed to create the most slip-resistant ramp with the ultimate grip for up and down rolling.

### Easy to carry
The new handles make the ramp very easy to carry. To handle to take up as little space as possible, they can be folded up against the side profile. The handles can be easily disassembled or moved to the opposite side.

### Lowest possible weight
With the new profiles and perforated surface, we have been able to reduce the weight by about 10%, compared to our previous ramps.",https://cdn.jsdelivr.net/gh/redelefant-mr-e/FEAL@main/assets/images/1154_63fda2c2.png,https://cdn.jsdelivr.net/gh/redelefant-mr-e/FEAL@main/assets/images/1148_776538db.jpg,https://cdn.jsdelivr.net/gh/redelefant-mr-e/FEAL@main/assets/images/1155_776538db.png,https://cdn.jsdelivr.net/gh/redelefant-mr-e/FEAL@main/assets/images/1150_776538db.jpg,,,,,https://www.feal.se/ramper/portabla-ramper/vikbara-ramper,https://www.feal.se/ramps/portable-ramps/folding-ramps,,
Folding telescopic ramps,vikbara-teleskopramper,portabla-ramper,Portabla ramper,Portable Ramps,Portabla ramper,Portable Ramps,Vikbara teleskopramper,Folding telescopic ramps,Våra vikbara teleskopramper kan användas i många olika miljöer. Lätta att fälla ihop och transportera.,Our telescopic ramps are available in multiple lengths so that they can be used in many different environments. They are easy to fold up and transport.,"### Halksäker yta
De unika greppytorna på våra portabla ramper har utvecklats för att skapa den mest halksäkra rampen med det ultimata greppet för uppåt- och nedåtrullning.

### Lätt att bära
De nya handtagen gör rampen mycket enkel att bära. för att handtagen skall ta så liten plats som möjligt, kan de fällas in mot sidoprofilen. Handtagen kan enkelt demonteras eller flyttas till motsatt sida

### Lägsta möjliga vikt
Med de nya profilerna och den perforerade åkytan, har vi kunnat reducera vikten med omkring 10%, jämfört med våra tidigare ramper.","### Non-slip surface
The unique grip areas of our portable ramps have been developed to create the most slip-resistant ramp with the ultimate grip for up and down rolling.

### Easy to carry
The new handles make the ramp very easy to carry. To handle to take up as little space as possible, they can be folded up against the side profile. The handles can be easily disassembled or moved to the opposite side

### Lowest possible weight
With the new profiles and perforated surface, we have been able to reduce the weight by about 10%, compared to our previous ramps.",https://cdn.jsdelivr.net/gh/redelefant-mr-e/FEAL@main/assets/images/1157_d01b21ca.png,https://cdn.jsdelivr.net/gh/redelefant-mr-e/FEAL@main/assets/images/1148_961ad98d.jpg,https://cdn.jsdelivr.net/gh/redelefant-mr-e/FEAL@main/assets/images/1155_961ad98d.jpg,https://cdn.jsdelivr.net/gh/redelefant-mr-e/FEAL@main/assets/images/1150_961ad98d.jpg,,,,,https://www.feal.se/ramper/portabla-ramper/vikbara-teleskopramper,https://www.feal.se/ramps/portable-ramps/folding-telescopic-ramps,,
Loading rails PRO,lastskenor,portabla-ramper,Portabla ramper,Portable Ramps,Portabla ramper,Portable Ramps,Lastskena PRO,Loading rails PRO,Vikbara skenor som finns i ett flertal olika mått. Enkla att ta med och använda. Vi gör även specialanpassade skenor efter önskemål.,Folding loading rails available in several different sizes. Easy to take with you and use. We also make specially adapted rails upon request.,"### Halksäker yta
De unika greppytorna på våra lastramper har utvecklats för att skapa den mest halksäkra rampen med det ultimata greppet för uppåt- och nedåtrullning.

### Många användningsområden
Perfekt för lastning utav fyrhjuliga motorcyklar, åkgräsklippare eller vid lastning med säckkärra.

### Vikbar eller fast
Välj mellan fasta eller vikbara lastramper. Vi gör även specialanpassade skenor efter önskemål.","### Non-slip surface
The unique grip areas of our portable ramps have been developed to create the most slip-resistant ramp with the ultimate grip for up and down rolling.

### Many applications
Perfect for loading of four-wheeled motorcycles, lawn mowers or when loading with a sack carrier.

### Folding or fixed
Choose between fixed or foldable load ramps. We also make customized rails as desired.",https://cdn.jsdelivr.net/gh/redelefant-mr-e/FEAL@main/assets/images/1158_d01b21ca.png,https://cdn.jsdelivr.net/gh/redelefant-mr-e/FEAL@main/assets/images/1169_961ad98d.jpg,https://cdn.jsdelivr.net/gh/redelefant-mr-e/FEAL@main/assets/images/1170_961ad98d.jpg,https://cdn.jsdelivr.net/gh/redelefant-mr-e/FEAL@main/assets/images/1171_961ad98d.jpg,,,,,https://www.feal.se/ramper/portabla-ramper/lastskenor,https://www.feal.se/ramps/portable-ramps/loading-rails,,
ANYRAMP,anyramp,portabla-ramper,Portabla ramper,Portable Ramps,Portabla ramper,Portable Ramps,ANYRAMP,ANYRAMP,"Våra lätta och halkfria portabla lastramper, Anyramp, passar till en mängd olika användningsområden. Du viker ihop dem med ett enkelt handgrepp.","Our light and non-slip portable loading ramps, Anyramp, are suitable for a range of different applications. You fold them up with one easy manoeuvre.",,,https://cdn.jsdelivr.net/gh/redelefant-mr-e/FEAL@main/assets/images/1391_d01b21ca.jpg,,,,,,,,https://www.feal.se/ramper/portabla-ramper/anyramp,https://www.feal.se/ramps/portable-ramps/anyramp,,
iRAMP Portable,iramp-portabel,portabla-ramper,Portabla ramper,Portable Ramps,Portabla ramper,Portable Ramps,iRAMP Portable,iRAMP Portable,"IRP – Portabel ramp med trygg och stabil åkyta Vår IRP-ramp är den perfekta lösningen när du behöver en portabel, vikbar ramp som kombinerar låg vikt med hög styrka. Rampen är tillverkad i ett slitstarkt material och klarar 400 kg i belastning – vilket gör den idealisk för elrullstolar och andra hjälpmedel där stabilitet är avgörande. Tack vare den hela åkytan får användaren en trygg och säker upplevelse varje gång, oavsett miljö. IRP är certifierad för användning med tåg inom Europa och uppfyller EU-förordningarna 1300/2014 och 2019/772 – ett bevis på dess kvalitet och tillförlitlighet. En smart, säker och smidig lösning för dig som inte vill kompromissa.","IRP – Portable Ramp with a Safe and Stable Surface Our IRP ramp is the perfect solution when you need a portable, foldable ramp that combines lightweight design with exceptional strength. Made from durable materials, it supports up to 400 kg, making it ideal for electric wheelchairs and other mobility aids where stability is essential. Thanks to its continuous, solid surface, users enjoy a safe and secure experience every time, no matter the environment. The IRP is certified for use with trains across Europe and complies with EU regulations 1300/2014 and 2019/772 – a testament to its quality and reliability. A smart, safe, and convenient solution for those who refuse to compromise.","### Vikbar på längden
Endast 55 mm tjock när rampen är ihopfälld

### Hel åkyta
Bred åkyta för maximal trygghet och komfort.

### Lätt och slitstark
En väldigt lätt ramp i slitstarkt material som tål hög belastning.","### Foldable in length
The iRAMP Portable ramps are only 55 mm/2,2 inches thick when folded up.

### Maximum surface
Wide surface for maximum safety and comfort.

### Lightweight and durable
A very light ramp in durable material that can withstand high loads.",https://cdn.jsdelivr.net/gh/redelefant-mr-e/FEAL@main/assets/images/1403_d01b21ca.png,https://cdn.jsdelivr.net/gh/redelefant-mr-e/FEAL@main/assets/images/1404_961ad98d.jpg,https://cdn.jsdelivr.net/gh/redelefant-mr-e/FEAL@main/assets/images/1405_961ad98d.jpg,https://cdn.jsdelivr.net/gh/redelefant-mr-e/FEAL@main/assets/images/1406_961ad98d.jpg,,,,,https://www.feal.se/ramper/portabla-ramper/iramp-portabel,https://www.feal.se/ramps/portable-ramps/iramp-portabel,,
IRAMP CARBON,iramp-carbon,portabla-ramper,Portabla ramper,Portable Ramps,Portabla ramper,Portable Ramps,IRAMP CARBON,IRAMP CARBON,"iRAMP Carbon is renowned for its unparalleled lightness and portability, making it an ideal solution for people with limited mobility. The new generation boasts further enhancements that make it even easier to use and transport. Impossibly light, exceptionally strong, and beautifully designed for boundless independence.","iRAMP Carbon is renowned for its unparalleled lightness and portability, making it an ideal solution for people with limited mobility. The new generation boasts further enhancements that make it even easier to use and transport. Impossibly light, exceptionally strong, and beautifully designed for boundless independence.","### Unmatched portability
Engineered with advanced carbon fiber, the lightest portable ramp on the market just got even lighter.

### Wider path, smoother journey
The expanded width provides ample room and reassuring stability for a wider range of wheelchairs and scooters. Navigate everyday obstacles with greater ease and confidence.

### Seamless transitions
Redesigned upper and lower edges provide smoother transitions on and off the ramp.

### Designed for confidence
Rigorously tested to support up to 350 kg, the iRAMP Carbon provides strength you can trust, while the integrated non-slip surface provides exceptional grip for wheels and feet.

### Presence and performance
The sleek, all-black design features matte carbon fiber, soft-touch leather, and durable anodized aluminum to ensure lasting quality.","### Unmatched portability
Engineered with advanced carbon fiber, the lightest portable ramp on the market just got even lighter.

### Wider path, smoother journey
The expanded width provides ample room and reassuring stability for a wider range of wheelchairs and scooters. Navigate everyday obstacles with greater ease and confidence.

### Seamless transitions
Redesigned upper and lower edges provide smoother transitions on and off the ramp.

### Designed for confidence
Rigorously tested to support up to 350 kg, the iRAMP Carbon provides strength you can trust, while the integrated non-slip surface provides exceptional grip for wheels and feet.

### Presence and performance
The sleek, all-black design features matte carbon fiber, soft-touch leather, and durable anodized aluminum to ensure lasting quality.",https://cdn.jsdelivr.net/gh/redelefant-mr-e/FEAL@main/assets/images/1462_2c00c9d1.jpg,https://cdn.jsdelivr.net/gh/redelefant-mr-e/FEAL@main/assets/images/1463_961ad98d.jpg,https://cdn.jsdelivr.net/gh/redelefant-mr-e/FEAL@main/assets/images/1464_961ad98d.jpg,https://cdn.jsdelivr.net/gh/redelefant-mr-e/FEAL@main/assets/images/1465_961ad98d.jpg,https://cdn.jsdelivr.net/gh/redelefant-mr-e/FEAL@main/assets/images/1466_961ad98d.jpg,https://cdn.jsdelivr.net/gh/redelefant-mr-e/FEAL@main/assets/images/1467_961ad98d.jpg,https://cdn.jsdelivr.net/gh/redelefant-mr-e/FEAL@main/assets/images/1468_c45f5839.jpg,https://cdn.jsdelivr.net/gh/redelefant-mr-e/FEAL@main/assets/images/1469_c45f5839.jpg,https://www.feal.se/ramper/portabla-ramper/iramp-carbon,https://www.feal.se/ramps/portable-ramps/iramp-carbon,,
