Title,Slug,category_key (Plain text),category_sv (Plain text),category_en (Plain text),subcategory_sv (Plain text),subcategory_en (Plain text),name_sv (Plain text),name_en (Plain text),overview_sv (Plain text),overview_en (Plain text),description_sv (Rich text),description_en (Rich text),features_sv (Rich text),features_en (Rich text),image_1 (Image),caption_sv_1 (Plain text),caption_en_1 (Plain text),image_2 (Image),caption_sv_2 (Plain text),caption_en_2 (Plain text),image_3 (Image),caption_sv_3 (Plain text),caption_en_3 (Plain text),image_4 (Image),caption_sv_4 (Plain text),caption_en_4 (Plain text),image_5 (Image),caption_sv_5 (Plain text),caption_en_5 (Plain text),image_6 (Image),caption_sv_6 (Plain text),caption_en_6 (Plain text),image_7 (Image),caption_sv_7 (Plain text),caption_en_7 (Plain text),image_8 (Image),caption_sv_8 (Plain text),caption_en_8 (Plain text),source_url_sv (Link),source_url_en (Link),parent_page_sv (Plain text),parent_page_en (Plain text)
iRAMP Threshold,troeskelramper-aluminium,troskelramper-och-tackplatar,Tröskelramper och täckplåtar,Threshold ramps - Cover plates,Tröskelramper Aluminium,Threshold Ramps Aluminium,iRAMP Threshold,iRAMP Threshold,"Aluminiumtröskelramper för befintliga dörrtrösklar. Mildrar steget med en låg, snygg övergång.","Aluminium threshold ramps for existing door sills. Soften the step with a low, clean transition.",Tröskelramp för montering på befintlig tröskel. Ger en mjuk och snygg övergång.,Threshold ramp for mounting on existing threshold. Provides a soft and stylish transition.,"### Ek

### Heltäckande ramp","### Oak

### Comprehensive threshold ramp",https://cdn.jsdelivr.net/gh/redelefant-mr-e/FEAL@main/assets/images/1196_833e110d.jpg,,,https://cdn.jsdelivr.net/gh/redelefant-mr-e/FEAL@main/assets/images/1198_961ad98d.jpg,,,https://cdn.jsdelivr.net/gh/redelefant-mr-e/FEAL@main/assets/images/1199_961ad98d.jpg,,,,,,,,,,,,,,,,,,https://www.feal.se/ramper/troeskelramper-och-taeckplatar/troeskelramper-aluminium,https://www.feal.se/ramps/threshold-ramps-cover-plates/threshold-ramps-aluminium,,
THRESHOLD RAMPS PLASTIC,troeskelramper-plast,troskelramper-och-tackplatar,Tröskelramper och täckplåtar,Threshold ramps - Cover plates,Tröskelramper Plast,Threshold Ramps Plastic,TRÖSKELRAMPER PLAST,THRESHOLD RAMPS PLASTIC,Byggbara tröskelramper i återvinningsbar plast. Stapla eller förläng sektioner efter tröskelhöjd.,Buildable threshold ramps in recyclable plastic. Stack or extend sections to match sill height.,"Byggbar tröskelramp i återvinningsbar plast.

Systemet är tillverkat av slitstarkt syntetiskt material och är tillverkat av 95% återvinningsbara material. Systemet lämpligt för användning inomhus och utomhus. Delarna är lätta, starka, kan enkelt demonteras, levereras med 5 års garanti och är underhållsfria. En gummihammare krävs för montering.

### Byggbar tröskelramp","Buildable threshold ramp in recyclable plastic.

The system is crafted of durable synthetic material and is made from 95% recyclable materials. It is suitable for use indoors and outdoors. The parts are lightweight, strong, can be easily dismantled, come with a 5-year warranty and are maintenance free. A rubber hammer is required for assembly.

### Buildable threshold ramp",### Byggbar tröskelramp,### Buildable threshold ramp,https://cdn.jsdelivr.net/gh/redelefant-mr-e/FEAL@main/assets/images/1269_d01b21ca.jpg,"Systemet är tillverkat av slitstarkt syntetiskt material och är tillverkat av 95% återvinningsbara material. Systemet lämpligt för användning inomhus och utomhus. Delarna är lätta, starka, kan enkelt demonteras, levereras med 5 års garanti och är underhållsfria. En gummihammare krävs för montering.","The system is crafted of durable synthetic material and is made from 95% recyclable materials. It is suitable for use indoors and outdoors. The parts are lightweight, strong, can be easily dismantled, come with a 5-year warranty and are maintenance free. A rubber hammer is required for assembly.",https://cdn.jsdelivr.net/gh/redelefant-mr-e/FEAL@main/assets/images/1275_961ad98d.jpg,,,https://cdn.jsdelivr.net/gh/redelefant-mr-e/FEAL@main/assets/images/1274_961ad98d.jpg,,,https://cdn.jsdelivr.net/gh/redelefant-mr-e/FEAL@main/assets/images/1351_961ad98d.jpg,,,,,,,,,,,,,,,https://www.feal.se/ramper/troeskelramper-och-taeckplatar/troeskelramper-plast,https://www.feal.se/ramps/threshold-ramps-cover-plates/threshold-ramps-plastic,,
THRESHOLD RAMPS RUBBER,troeskelramper-gummi,troskelramper-och-tackplatar,Tröskelramper och täckplåtar,Threshold ramps - Cover plates,Tröskelramper Gummi,Threshold Ramps Rubber,TRÖSKELRAMPER GUMMI,THRESHOLD RAMPS RUBBER,Gummitröskelramper med slitstark yta. Mjuk kant som passar badrum och andra våtrum.,Rubber threshold ramps with a durable surface. Soft edge suited to bathrooms and other wet rooms.,"Gummiramper med slitstark yta till exempel för användning i badrum.

Gummiramper med slitstark yta, vanliga användningsområden hall, sovrum, badrum, kök, vardagsrum. Kan användas överallt där det finns en tröskel som ska övervinnas. Ramperna är gjorda av gummi (TPE), och är PVC-fria.
Ramperna kan beställas med eller utan tejpbaksida. Tejpen används för fastsättning av rampen vilket säkerställer att rampen ligger still utan att behöva skruva eller borra i golv eller tröskel. Ramperna kan enkelt anpassas i bredd med en kniv eller såg.
Ramperna finns i höjder från 4-60mm, tål en belastning upp till 400kg och kan även användas utomhus.","Threshold ramps of rubber with durable surface such as for bathroom use.

Rubber ramps with durable surface, common uses hall, bedroom, bathroom, kitchen, living room. Can be used everywhere where there is a threshold to be overcome. The ramps are made of rubber (TPE), and are PVC-free.
The ramps can be ordered with or without adhesive backing. The tape is used for fixing the ramp, which ensures that the ramp is stationary without the need to screw or drill into the floor or threshold. The ramps can be easily adjusted in width with a knife or saw.
The ramps are in height from 4-60mm, withstand a load of up to 400kg and can also be used outdoors.",,,https://cdn.jsdelivr.net/gh/redelefant-mr-e/FEAL@main/assets/images/1418_d01b21ca.png,,,https://cdn.jsdelivr.net/gh/redelefant-mr-e/FEAL@main/assets/images/1271_961ad98d.jpg,,,https://cdn.jsdelivr.net/gh/redelefant-mr-e/FEAL@main/assets/images/1419_961ad98d.jpg,,,https://cdn.jsdelivr.net/gh/redelefant-mr-e/FEAL@main/assets/images/1420_d01b21ca.png,,,,,,,,,,,,,,,https://www.feal.se/ramper/troeskelramper-och-taeckplatar/troeskelramper-gummi,https://www.feal.se/ramps/threshold-ramps-cover-plates/threshold-ramps-rubber,,
iRAMP Cover plate,taeckplatar,troskelramper-och-tackplatar,Tröskelramper och täckplåtar,Threshold ramps - Cover plates,Täckplåtar,Cover Plates,iRAMP Cover plate,iRAMP Cover plate,Täckplåtar där tröskeln tagits bort. Jämn övergång mellan rum utan kvarvarande kant.,"Cover plates where a threshold has been removed. Smooth, even transition between rooms.",Täckplåtar som ger en snygg och bra övergång vid borttagen tröskel.,Cover plates providing a sleek and smooth transition after removed threshold.,### Ek,### Oak,https://cdn.jsdelivr.net/gh/redelefant-mr-e/FEAL@main/assets/images/1451_d01b21ca.jpg,,,https://cdn.jsdelivr.net/gh/redelefant-mr-e/FEAL@main/assets/images/1201_961ad98d.jpg,,,,,,,,,,,,,,,,,,,,,https://www.feal.se/ramper/troeskelramper-och-taeckplatar/taeckplatar,https://www.feal.se/ramps/threshold-ramps-cover-plates/cover-plates,,
