Title,Slug,category_key (Plain text),category_sv (Plain text),category_en (Plain text),subcategory_sv (Plain text),subcategory_en (Plain text),name_sv (Plain text),name_en (Plain text),overview_sv (Plain text),overview_en (Plain text),description_sv (Rich text),description_en (Rich text),features_sv (Rich text),features_en (Rich text),image_1 (Image),image_2 (Image),image_3 (Image),image_4 (Image),image_5 (Image),image_6 (Image),image_7 (Image),image_8 (Image),source_url_sv (Link),source_url_en (Link),parent_page_sv (Plain text),parent_page_en (Plain text)
iRAMP Vehicle Two-piece,iramp-vehicle-tvadelad,fordonsramper,Fordonsramper,Vehicle ramps,iRAMP Vehicle tvådelad,iRAMP Vehicle two-piece,Lastramp 2-delad,iRAMP Vehicle Two-piece,Tvådelad lastramp för skåpbilar. Nät- och sidokantsval för lastning i vardagsarbetet.,Two-piece vehicle loading ramp for vans. Mesh and side plate options for everyday loading work.,"## iRAMP Vehicle - den nya lastrampen

iRAMP Vehicle ersätter BGR
Efter många år med BGR, lastrampen som inte bara är uppfunnen i Horndal, Sverige utan även sålts till alla världsdelar och satt en standard på hur en lastramp ska se ut och fungera, så tycker vi att det är dags att presentera iRAMP Vehicle.

För oss handlar design lika mycket om förståelse för kundens behov och att hitta lösningar för den dagliga användningen. Lösningar som gör det lättare att leva, resa och arbeta.

- Ny överdel
- Enklare på- och avfart
- Mindre underhåll
- Hjul på alla 2-delade ramper

## Åkytor

Våra lastramper är ytbehandlade och har ett mycket bra grepp som gör i- och urlastning enkel och säker. Den perforerade åkytan släpper igenom snö och smuts samt ger föraren sikt igenom den uppfällda rampen i backspegeln. Ramperna kan beställas med tre olika åkytor; standardnät, tätnät eller durkplåt i ytterkant.

Vår patenterade överdel gör att rampen alltid ligger plant i bilen vilket underlättar i- och urlastning.

Våra nyutvecklade anslutningar ger smidig på- och avfart genom sömlös övergång mellan åkyta och överdel.

Underhållsfritt med smörjfria leder.

Hjul på alla tvådelade ramper, vilket underlättar det dagliga användandet.

## Krocktestad för din säkerhet

För din säkerhet har den nya iRAMP Vehicle designats och testats enligt UN/ECE-Regulation No. 17 med en belastning på 20G (30ms) utfört i ett slädtest.
”För oss fanns det inget alternativ, naturligtvis skulle rampen testas! Vi känner oss trygga, vi har utvecklat en ramp som kan hantera en krash.”
- Björne Stjernsten, utvecklare av iRAMP Vehicle","## Meet the new iRAMP Vehicle

Design isn’t only what is seen by the naked eye. For us, design is just as much about understanding the customer’s needs and finding solutions for everyday use. Solutions that make it easier to live, travel and work. Our products are always simple and stylish, using durable materials that blend in well in all types of environments.
Our inspiration comes from designing a quality product, with a simple, minimalist design whilst functional for our customers to use.

## Surface Options

Our loading ramps have a unique surface treatment that provides excellent grip and makes loading and unloading simple and safe. The perforations in the mesh let through snow, rain and dirt allowing good rear view visibility in the vehicle, as well as keeping the inside of your vehicle as clean as possible. The ramps can be ordered with three different surfaces, standard mesh, tight mesh or with checker plate and mesh combination on the platform.

Our patented articulated top transit plate adjusts to any height to avoid ledges or bumps allowing for a smoother transition in and out of the vehicle.

Seamless transition on and off the ramp through our newly developed upper and lower transition plate.

Non-lubricated joints for hassle free maintenance.

Wheels on all two-piece ramps for easier folding/unfolding.

## Crash tested for your safety

For your safety, the new iRAMP Vehicle is designed and tested according to UN-Regulation No.17. The ramp and its fixations successfully withstood the load of a 20G (30ms) deceleration sled test.
”For us there was no alternative. Of course, the ramp would be tested! We feel safe. We have developed a ramp that can handle a crash.”
- Björne Stjernsten, Developer of iRAMP Vehicle","### Standardnät

### Tätnät

### Durkplåt i ytterkant","### Standard Mesh

### Tight Mesh

### Checkers Plates On Side",https://cdn.jsdelivr.net/gh/redelefant-mr-e/FEAL@main/assets/images/1331_d01b21ca.jpg,https://cdn.jsdelivr.net/gh/redelefant-mr-e/FEAL@main/assets/images/1371_c2449cc0b3b7ba7a262aecf1f85cf7ba.jpg,https://cdn.jsdelivr.net/gh/redelefant-mr-e/FEAL@main/assets/images/1333_961ad98d.jpg,https://cdn.jsdelivr.net/gh/redelefant-mr-e/FEAL@main/assets/images/1334_961ad98d.jpg,https://cdn.jsdelivr.net/gh/redelefant-mr-e/FEAL@main/assets/images/1335_961ad98d.jpg,https://cdn.jsdelivr.net/gh/redelefant-mr-e/FEAL@main/assets/images/1336_78c94cfb.jpg,https://cdn.jsdelivr.net/gh/redelefant-mr-e/FEAL@main/assets/images/1337_78c94cfb.jpg,https://cdn.jsdelivr.net/gh/redelefant-mr-e/FEAL@main/assets/images/1370_78c94cfb.jpg,https://www.feal.se/ramper/fordonsramper/iramp-vehicle-tvadelad,https://www.feal.se/ramps/vehicle-ramps/iramp-vehicle-two-piece,,
iRAMP Vehicle Three-piece,iramp-vehicle-tredelad,fordonsramper,Fordonsramper,Vehicle ramps,iRAMP Vehicle tredelad,iRAMP Vehicle three-piece,Lastramp 3-delad,iRAMP Vehicle Three-piece,Tredelad lastramp för längre räckvidd. Samma iRAMP Vehicle-konstruktion för tuffare lastjobb.,Three-piece vehicle loading ramp for longer reaches. Same iRAMP Vehicle build for tougher loading jobs.,"## iRAMP Vehicle - den nya lastrampen

Design är inte bara det som syns med blotta ögat. För oss handlar design lika mycket om förståelse för kundens behov och att hitta lösningar för den dagliga användningen. Lösningar som gör det lättare att leva, resa och arbeta. Våra produkter är alltid enkla, snygga och smälter in bra i alla typer av miljöer.
Vår inspiration kommer från att designa en kvalitetsprodukt med en enkel, minimalistisk design samtidigt som den är funktionell för våra kunder att använda.

## Åkytor

Våra lastramper är ytbehandlade och har ett mycket bra grepp som gör i- och urlastning enkel och säker. Den perforerade åkytan släpper igenom snö och smuts samt ger föraren sikt igenom den uppfällda rampen i backspegeln. Ramperna kan beställas med tre olika åkytor; standardnät, tätnät eller durkplåt i ytterkant.

Vår patenterade överdel gör att rampen alltid ligger plant i bilen vilket underlättar i- och urlastning.

Våra nyutvecklade anslutningar ger smidig på- och avfart genom sömlös övergång mellan åkyta och överdel.

Underhållsfritt med smörjfria leder.

Hjul på alla tvådelade ramper, vilket underlättar det dagliga användandet.

## Krocktestad för din säkerhet

För din säkerhet har den nya iRAMP Vehicle designats och testats enligt UN/ECE-Regulation No. 17 med en belastning på 20G (30ms) utfört i ett slädtest.
”För oss fanns det inget alternativ, naturligtvis skulle rampen testas! Vi känner oss trygga, vi har utvecklat en ramp som kan hantera en krash.”
- Björne Stjernsten, utvecklare av iRAMP Vehicle","## Meet the new iRAMP Vehicle

Design isn’t only what is seen by the naked eye. For us, design is just as much about understanding the customer’s needs and finding solutions for everyday use. Solutions that make it easier to live, travel and work. Our products are always simple and stylish, using durable materials that blend in well in all types of environments.
Our inspiration comes from designing a quality product, with a simple, minimalist design whilst functional for our customers to use.

## Surface Options

Our loading ramps have a unique surface treatment that provides excellent grip and makes loading and unloading simple and safe. The perforations in the mesh let through snow, rain and dirt allowing good rear view visibility in the vehicle, as well as keeping the inside of your vehicle as clean as possible. The ramps can be ordered with three different surfaces, standard mesh, tight mesh or with checker plate and mesh combination on the platform.

Our patented articulated top transit plate adjusts to any height to avoid ledges or bumps allowing for a smoother transition in and out of the vehicle.

Seamless transition on and off the ramp through our newly developed upper and lower transition plate.

Non-lubricated joints for hassle free maintenance.

Wheels on all two-piece ramps for easier folding/unfolding.

## Crash tested for your safety

For your safety, the new iRAMP Vehicle is designed and tested according to UN-Regulation No.17. The ramp and its fixations successfully withstood the load of a 20G (30ms) deceleration sled test.
”For us there was no alternative. Of course, the ramp would be tested! We feel safe. We have developed a ramp that can handle a crash.”
- Björne Stjernsten, Developer of iRAMP Vehicle","### Standardnät

### Tätnät

### Durkplåt i ytterkant","### Standard Mesh

### Tight Mesh

### Checkers Plates On Side",https://cdn.jsdelivr.net/gh/redelefant-mr-e/FEAL@main/assets/images/1331_d01b21ca.jpg,https://cdn.jsdelivr.net/gh/redelefant-mr-e/FEAL@main/assets/images/1373_db959a301a2f5da55c93ebf652fd64e0.jpg,https://cdn.jsdelivr.net/gh/redelefant-mr-e/FEAL@main/assets/images/1333_961ad98d.jpg,https://cdn.jsdelivr.net/gh/redelefant-mr-e/FEAL@main/assets/images/1334_961ad98d.jpg,https://cdn.jsdelivr.net/gh/redelefant-mr-e/FEAL@main/assets/images/1335_961ad98d.jpg,https://cdn.jsdelivr.net/gh/redelefant-mr-e/FEAL@main/assets/images/1336_78c94cfb.jpg,https://cdn.jsdelivr.net/gh/redelefant-mr-e/FEAL@main/assets/images/1337_78c94cfb.jpg,https://cdn.jsdelivr.net/gh/redelefant-mr-e/FEAL@main/assets/images/1370_78c94cfb.jpg,https://www.feal.se/ramper/fordonsramper/iramp-vehicle-tredelad,https://www.feal.se/ramps/vehicle-ramps/iramp-vehicle-three-piece,,
Loading ramp PRO,lastramper,fordonsramper,Fordonsramper,Vehicle ramps,Lastramper,Loading ramps,Lastramp PRO,Loading ramp PRO,Lastramper PRO i slitstarkt material för tyngre last. Monteras baktill; specialmått på begäran.,PRO loading ramps in durable material for heavier cargo. Mount at the rear; custom sizes on request.,"Upptäck våra PRO-modeller – tillverkade i slitstarkt material och designade för att hålla över tid. De monteras enkelt baktill på ditt fordon och ger dig en smidig, säker lösning för lastning och lossning.
Vår PRO-modell är det perfekta valet för dig som behöver en extra robust ramp, anpassad för att klara tyngre laster. Oavsett om det handlar om maskiner, utrustning eller annat tungt gods, hjälper PRO-modellen dig att få jobbet gjort enklare och tryggare.
Behöver du något utöver standard? Vi erbjuder även specialanpassade ramper – skräddarsydda efter dina behov och önskemål.
Kontakta oss idag för att hitta rätt ramp för just ditt fordon!

### Standard installation

### Montering av vår adapterplatta

Med vår adapterplatta monterar du snabbt och enkelt din lastramp

## Lastramp PRO 2-delad","Our PRO-models are made from durable, hardwearing materials and designed to stand the test of time. They are easily mounted on the back of your vehicle, providing a smooth and safe solution for loading and unloading.
Need a ramp for heavier loads?
Our PRO model is the perfect choice for anyone who requires an extra robust ramp, built to handle heavier equipment and cargo. Whether you're transporting machinery, tools, or other heavy goods, the PRO model makes the job easier and safer.
Looking for something beyond the standard options?
We also offer customized ramps – tailored to your specific needs and requirements.
Get in touch with us today to find the perfect ramp for your vehicle!

### Standard Installation

### Mounting Swivel base

With our adapter plate, you can easily and quick mount your tailboardramp.","### Standard installation

### Montering av vår adapterplatta
Med vår adapterplatta monterar du snabbt och enkelt din lastramp","### Standard Installation

### Mounting Swivel base
With our adapter plate, you can easily and quick mount your tailboardramp.",https://cdn.jsdelivr.net/gh/redelefant-mr-e/FEAL@main/assets/images/1268_d01b21ca.png,https://cdn.jsdelivr.net/gh/redelefant-mr-e/FEAL@main/assets/images/f3ccdd27d2000e3f9255a7e3e2c48800.jpg,https://cdn.jsdelivr.net/gh/redelefant-mr-e/FEAL@main/assets/images/156005c5baf40ff51a327f1c34f2975b.jpg,https://cdn.jsdelivr.net/gh/redelefant-mr-e/FEAL@main/assets/images/799bad5a3b514f096e69bbc4a7896cd9.jpg,https://cdn.jsdelivr.net/gh/redelefant-mr-e/FEAL@main/assets/images/d0096ec6c83575373e3a21d129ff8fef.jpg,https://cdn.jsdelivr.net/gh/redelefant-mr-e/FEAL@main/assets/images/032b2cc936860b03048302d991c3498f.jpg,https://cdn.jsdelivr.net/gh/redelefant-mr-e/FEAL@main/assets/images/18e2999891374a475d0687ca9f989d83.jpg,https://cdn.jsdelivr.net/gh/redelefant-mr-e/FEAL@main/assets/images/fe5df232cafa4c4e0f1a0294418e5660.jpg,https://www.feal.se/ramper/fordonsramper/lastramper,https://www.feal.se/ramps/vehicle-ramps/loading-ramps,,
