Title,Slug,product_slug (Plain text),category_key (Plain text),article_number (Plain text),name_sv (Plain text),name_en (Plain text),length_mm (Plain text),width_mm (Plain text),inside_width_mm (Plain text),folded_length_mm (Plain text),weight_kg (Plain text),max_load_kg (Plain text),rec_max_height_mm (Plain text),other_specs_sv (Plain text),other_specs_en (Plain text),specs_raw_sv (Rich text),specs_raw_en (Rich text),source_url_sv (Link),source_url_en (Link)
"11068 Channel ramp, Fixed, 550x210 mm",11068,enkelskena,portable,11068,"Portabel skena, enkel, 550x210","11068 Channel ramp, Fixed, 550x210 mm",550,210,210,,1.5,200,100,,,"Längd: 550 mm
Bredd insida: 210 mm
Vikt: 1,5 kg
Maxlast: 200 kg
Rek. maxhöjd: 100 mm","Length: 550/22 mm/in
Inside width: 210/8 mm/in
Weight: 1,5/3,3 kg/lb
Max. load: 200/440 kg/lb
Recommended max. height: 100/4 mm/in",https://www.feal.se/ramper/portabla-ramper/fasta-ramper,https://www.feal.se/ramps/portable-ramps/fixed-ramps
"11070 Channel ramp, Fixed, 1160x210 mm",11070,enkelskena,portable,11070,"Portabel skena, enkel, 1160x210","11070 Channel ramp, Fixed, 1160x210 mm",1160,210,210,,3.1,200,200,,,"Längd: 1160 mm
Bredd insida: 210 mm
Vikt: 3,1 kg
Maxlast: 200 kg
Rek. maxhöjd: 200 mm","Length: 1160/46 mm/in
Inside width: 210/8 mm/in
Weight: 3,1/6,8 kg/lb
Max. load: 200/440 kg/lb
Recommended max. height: 200/8 mm/in",https://www.feal.se/ramper/portabla-ramper/fasta-ramper,https://www.feal.se/ramps/portable-ramps/fixed-ramps
"11072 Channel ramp, Fixed, 1060x270 mm",11072,enkelskena,portable,11072,"Portabel skena, enkel, 1060x270","11072 Channel ramp, Fixed, 1060x270 mm",1060,270,270,,3.5,200,200,,,"Längd: 1060 mm
Bredd insida: 270 mm
Vikt: 3,5 kg
Maxlast: 200 kg
Rek. maxhöjd: 200 mm","Length: 1060/42 mm/in
Inside width: 270/11 mm/in
Weight: 3,5/7,7 kg/ib
Max. load: 200/440 kg/lb
Recommended max. height: 200/8 mm/in",https://www.feal.se/ramper/portabla-ramper/fasta-ramper,https://www.feal.se/ramps/portable-ramps/fixed-ramps
"10743 Channel ramp, Foldable, 1110x210 mm",10743,vikbar-skena,portable,10743,"Portabel skena, 2-delad vikbar, 1110x210","10743 Channel ramp, Foldable, 1110x210 mm",1110,210,210,570,3.8,200,200,,,"Längd: 1110 mm
Bredd insida: 210 mm
Längd ihopvikt: 570 mm
Vikt: 3,8 kg
Maxlast: 200 kg
Rek. maxhöjd: 200 mm","Length: 1100/43 mm/in
Inside width: 210/8 mm/in
Folded length (cm/in): 57/22
Weight: 3,8/8,3 kg/lb
Max. load: 200/440 kg/lb
Recommended max. height: 200/8 mm/in",https://www.feal.se/ramper/portabla-ramper/vikbara-ramper,https://www.feal.se/ramps/portable-ramps/folding-ramps
"10745 Channel ramp, Foldable, 1510x210 mm",10745,vikbar-skena,portable,10745,"Portabel skena, 2-delad vikbar, 1510x210","10745 Channel ramp, Foldable, 1510x210 mm",1510,210,210,770,4.9,200,300,,,"Längd: 1510 mm
Bredd insida: 210 mm
Längd ihopvikt: 770 mm
Vikt: 4,9 kg
Maxlast: 200 kg
Rek. maxhöjd: 300 mm","Length: 1510/59 mm/in
Inside width: 210/8 mm/in
Folded length: 760/30 mm/in
Weight: 4,9/10,8 kg/lb
Max. load: 200/440 kg/lb
Recommended max. height: 300/12 mm/in",https://www.feal.se/ramper/portabla-ramper/vikbara-ramper,https://www.feal.se/ramps/portable-ramps/folding-ramps
"10747 Channel ramp, Foldable, 2010x210 mm",10747,vikbar-skena,portable,10747,"Portabel skena, 2-delad vikbar, 2010x210","10747 Channel ramp, Foldable, 2010x210 mm",2010,210,210,1020,6.3,150,400,,,"Längd: 2010 mm
Bredd insida: 210 mm
Längd ihopvikt: 1020 mm
Vikt: 6,3 kg
Maxlast: 150 kg
Rek. maxhöjd: 400 mm","Length: 2000/79 mm/in
Inside width: 210/8 mm/in
Folded length: 1010/40 mm/in
Weight: 6,3/13,9 kg/lb
Max. load: 150/330 kg/lb
Recommended max. height: 400/16 mm/in",https://www.feal.se/ramper/portabla-ramper/vikbara-ramper,https://www.feal.se/ramps/portable-ramps/folding-ramps
"10799 Channel ramp, Foldable, Wide, 2130x270 mm",10799,vikbar-skena,portable,10799,"Portabel skena, 2-delad vikbar, 2130x270","10799 Channel ramp, Foldable, Wide, 2130x270 mm",2130,270,270,1080,8,150,400,,,"Längd: 2130 mm
Bredd insida: 270 mm
Längd ihopvikt: 1080 mm
Vikt: 8 kg
Maxlast: 150 kg
Rek. maxhöjd: 400 mm","Length: 2120/783 mm/in
Inside width: 270/11 mm/in
Folded length: 1070/42 mm/in
Weight: 8,0/17,6 kg/lb
Max. load: 150/330 kg/lb
Recommended max. height: 400/16 mm/in",https://www.feal.se/ramper/portabla-ramper/vikbara-ramper,https://www.feal.se/ramps/portable-ramps/folding-ramps
"10773 Channel ramp, Foldable, Low edge, 1100x180 mm",10773,vikbar-skena,portable,10773,"Portabel skena, 2-delad vikbar, 1100x180, låg kant","10773 Channel ramp, Foldable, Low edge, 1100x180 mm",1100,180,180,560,2.3,200,200,,,"Längd: 1100 mm
Bredd insida: 180 mm
Längd ihopvikt: 560 mm
Vikt: 2,3 kg
Maxlast: 200 kg
Rek. maxhöjd: 200 mm","Length: 1100/43 mm/in
Inside width: 180/7 mm/in
Folded length: 560/22 mm/in
Weight: 2,3/5,1 kg/lb
Max. load: 200/440 kg/lb
Recommended max. height: 200/8 mm/in",https://www.feal.se/ramper/portabla-ramper/vikbara-ramper,https://www.feal.se/ramps/portable-ramps/folding-ramps
"10774 Channel ramp, Foldable, Low edge, 1500x180 mm",10774,vikbar-skena,portable,10774,"Portabel skena, 2-delad vikbar, 1500x180, låg kant","10774 Channel ramp, Foldable, Low edge, 1500x180 mm",1500,180,180,760,3.4,200,300,,,"Längd: 1500 mm
Bredd insida: 180 mm
Längd ihopvikt: 760 mm
Vikt: 3,4 kg
Maxlast: 200 kg
Rek. maxhöjd: 300 mm","Length: 1500/59 mm/in
Inside width: 180/7 mm/in
Folded length: 760/30 mm/in
Weight: 3,4/7,5 kg/lb
Max. load: 200/440 kg/lb
Recommended max. height: 300/12 mm/in",https://www.feal.se/ramper/portabla-ramper/vikbara-ramper,https://www.feal.se/ramps/portable-ramps/folding-ramps
"10775 Channel ramp, Foldable, Low edge, 2000x180 mm",10775,vikbar-skena,portable,10775,"Portabel skena, 2-delad vikbar, 2000x180, låg kant","10775 Channel ramp, Foldable, Low edge, 2000x180 mm",2000,180,180,1020,6,150,400,,,"Längd: 2020 mm
Bredd insida: 180 mm
Längd ihopvikt: 1020 mm
Vikt: 6 kg
Maxlast: 150 kg
Rek. maxhöjd: 400 mm","Length: 2000/79 mm/in
Inside width: 180/7 mm/in
Folded length: 1010/40 mm/in
Weight: 6,0/13,2 kg/lb
Max. load: 150/330 kg/lb
Recommended max. height: 400/16 mm/in",https://www.feal.se/ramper/portabla-ramper/vikbara-ramper,https://www.feal.se/ramps/portable-ramps/folding-ramps
"11039 Channel ramp, Telescopic, 850x190 mm",11039,teleskopisk-skena,portable,11039,"Portabel skena, 2-delad teleskopisk, 850x190","11039 Channel ramp, Telescopic, 850x190 mm",850,190,190,580,2.8,200,200,,,"Längd: 850 mm
Bredd insida: 190 mm
Längd ihopvikt: 580 mm
Vikt: 2,8 kg
Maxlast: 200 kg
Rek. maxhöjd: 200 mm","Length: 900/35 mm/in
Inside width: 190/7 mm/in
Folded length: 580/23 mm/in
Weight: 2,8/6,1 kg/lb
Max. load: 200/440 kg/lb
Recommended max. height: 200/8 mm/in",https://www.feal.se/ramper/portabla-ramper/teleskopramper,https://www.feal.se/ramps/portable-ramps/teleskopic-ramps
"11041 Channel ramp, Telescopic, 1190x190 mm",11041,teleskopisk-skena,portable,11041,"Portabel skena, 2-delad teleskopisk, 1190x190","11041 Channel ramp, Telescopic, 1190x190 mm",1190,190,190,760,3.7,200,250,,,"Längd: 1190 mm
Bredd insida: 190 mm
Längd ihopvikt: 760 mm
Vikt: 3,7 kg
Maxlast: 200 kg
Rek. maxhöjd: 250 mm","Length: 1190/47 mm/in
Inside width: 190/7 mm/in
Folded length: 750/30 mm/in
Weight: 3,7/8,1 kg/lb
Max. load: 200/440 kg/lb
Recommended max. height: 300/10 mm/in",https://www.feal.se/ramper/portabla-ramper/teleskopramper,https://www.feal.se/ramps/portable-ramps/teleskopic-ramps
"11043 Channel ramp, Telescopic, 2020x190 mm",11043,teleskopisk-skena,portable,11043,"Portabel skena, 2-delad teleskopisk, 2020x190","11043 Channel ramp, Telescopic, 2020x190 mm",2020,190,190,1160,5.6,150,400,,,"Längd: 2020 mm
Bredd insida: 190 mm
Längd ihopvikt: 1160
Vikt: 5,6 kg
Maxlast: 150 kg
Rek. maxhöjd: 400 mm","Length: 2020/80 mm/in
Inside width: 190/7 mm/in
Folded length: 1160/46 mm/in
Weight: 5,6/12,3 kg/lb
Max. load: 150/330 kg/lb
Recommended max. height: 400/16 mm/in",https://www.feal.se/ramper/portabla-ramper/teleskopramper,https://www.feal.se/ramps/portable-ramps/teleskopic-ramps
"11044 Channel ramp, Telescopic, 3-piece, 1990x170 mm",11044,teleskopisk-skena,portable,11044,"Portabel skena, 3-delad teleskopisk, 1990x170","11044 Channel ramp, Telescopic, 3-piece, 1990x170 mm",1990,170,170,870,6,150,400,,,"Längd: 1990 mm
Bredd insida: 170 mm
Längd ihopvikt: 870 mm
Vikt: 6,0 kg
Maxlast: 150 kg
Rek. maxhöjd: 400 mm","Length: 1990/78 mm/in
Inside width: 170/7 mm/in
Folded length: 870/34 mm/in
Weight: 6,5/14,3 kg/lb
Max. load: 150/330 kg/lb
Recommended max. height: 400/16 mm/in",https://www.feal.se/ramper/portabla-ramper/teleskopramper,https://www.feal.se/ramps/portable-ramps/teleskopic-ramps
"11047 Channel ramp, Telescopic, 3-piece, 2850x170 mm",11047,teleskopisk-skena,portable,11047,"Portabel skena, 3-delad teleskopisk, 2850x170","11047 Channel ramp, Telescopic, 3-piece, 2850x170 mm",2850,170,170,1160,8.2,120,600,,,"Längd: 2850 mm
Bredd insida: 170 mm
Längd ihopvikt: 1160 mm
Vikt: 8,2 kg
Maxlast: 125 kg
Rek. maxhöjd: 600 mm","Length: 2850/113 mm/in
Inside width: 170/7 mm/in
Folded length: 1160/46 mm/in
Weight: 8,2/18,0 kg/lb
Max. load: 125/275 kg/lb
Recommended max. height: 600/24 mm/in",https://www.feal.se/ramper/portabla-ramper/teleskopramper,https://www.feal.se/ramps/portable-ramps/teleskopic-ramps
"10793 Channel ramp, Foldable, Telescopic, 2010x190 mm",10793,vikbar-teleskopisk-skena,portable,10793,"Portabel skena, 3-delad vikbar teleskopisk, 2010x190","10793 Channel ramp, Foldable, Telescopic, 2010x190 mm",2010,190,190,770,6.8,150,400,,,"Längd: 2010 mm
Bredd insida: 190 mm
Längd ihopvikt: 770 mm
Vikt: 6,8 kg
Maxlast: 150 kg
Rek. maxhöjd: 400 mm","Length: 2010/116 mm/in
Inside width: 190/7 mm/in
Folded length: 760/30 mm/in
Weight: 6,8/15,0 kg/lb
Max. load: 150/330 kg/lb
Recommended max. height: 400/16 mm/in",https://www.feal.se/ramper/portabla-ramper/vikbara-teleskopramper,https://www.feal.se/ramps/portable-ramps/folding-telescopic-ramps
"10795 Channel ramp, Foldable, Telescopic, 2760x190 mm",10795,vikbar-teleskopisk-skena,portable,10795,"Portabel skena, 3-delad vikbar teleskopisk, 2770x190","10795 Channel ramp, Foldable, Telescopic, 2760x190 mm",2770,190,190,1020,8.6,125,600,,,"Längd: 2770 mm
Bredd insida: 190 mm
Längd ihopvikt: 1020 mm
Vikt: 8,6 kg
Maxlast: 125 kg
Rek. maxhöjd: 600 mm","Length: 2760/109 mm/in
Inside width: 190/7 mm/in
Folded length: 1010/40 mm/in
Weight: 8,6/19,0 kg/lb
Max. load: 125/275 kg/lb
Recommended max. height: 600/24 mm/in",https://www.feal.se/ramper/portabla-ramper/vikbara-teleskopramper,https://www.feal.se/ramps/portable-ramps/folding-telescopic-ramps
"10797 Channel ramp, Foldable, Telescopic, Wide, 2050x250 mm",10797,vikbar-teleskopisk-skena,portable,10797,"Portabel skena, 3-delad vikbar teleskopisk, 2050x250","10797 Channel ramp, Foldable, Telescopic, Wide, 2050x250 mm",2050,250,250,780,8.3,150,400,,,"Längd: 2050 mm
Bredd insida: 250 mm
Längd ihopvikt: 780 mm
Vikt: 8,3 kg
Maxlast: 150 kg
Rek. maxhöjd: 400 mm","Length: 2050/81 mm/in
Inside width: 250/10 mm/in
Folded length: 770/30 mm/in
Weight: 8,3/18,3 kg/lb
Max. load: 150/330 kg/lb
Recommended max. height: 400/16 mm/in",https://www.feal.se/ramper/portabla-ramper/vikbara-teleskopramper,https://www.feal.se/ramps/portable-ramps/folding-telescopic-ramps
"10798 Channel ramp, Foldable, Telescopic, Wide, 2950x250 mm",10798,vikbar-teleskopisk-skena,portable,10798,"Portabel skena, 3-delad vikbar teleskopisk, 2950x250","10798 Channel ramp, Foldable, Telescopic, Wide, 2950x250 mm",2950,250,250,10800,11.4,125,600,,,"Längd: 2950 mm
Bredd insida: 250 mm
Längd ihopvikt: 1080 mm
Vikt: 11,4 kg
Maxlast: 125 kg
Rek. maxhöjd: 600 mm","Length: 2950/116 mm/in
Inside width: 250/10 mm/in
Folded length: 1070/42 mm/in
Weight: 11,4/25,1 kg/lb
Max. load: 125/275 kg/lb
Recommended max. height: 600/24 mm/in",https://www.feal.se/ramper/portabla-ramper/vikbara-teleskopramper,https://www.feal.se/ramps/portable-ramps/folding-telescopic-ramps
10837,10837,suitcase-ramp-kolfiber,portable,10837,"Portabel ramp, suitcase, 750x805, kolfiber",10837,750,805,805,,2.4,350,150,Bredd ihopvikt: 406 mm,Folded width: 406 mm,"Length: 750 mm
Weight: 2,4 kg
SWL: 350 kg
Inside width: 805 mm
Folded width: 406 mm
Rec. max height: 150 mm","Length: 750 mm
Weight: 2,4 kg
SWL: 350 kg
Inside width: 805 mm
Folded width: 406 mm
Rec. max height: 150 mm",https://www.feal.se/ramper/portabla-ramper/iramp-carbon,https://www.feal.se/ramps/portable-ramps/iramp-carbon
10838,10838,suitcase-ramp-kolfiber,portable,10838,"Portabel ramp, suitcase, 1200x805, kolfiber",10838,1200,805,805,,3.7,350,250,Bredd ihopvikt: 406 mm,Folded width: 406 mm,"Length: 1200 mm
Weight: 3,7 kg
SWL: 350 kg
Inside width: 805 mm
Folded width: 406 mm
Rec. max height: 250 mm","Length: 1200 mm
Weight: 3,7 kg
SWL: 350 kg
Inside width: 805 mm
Folded width: 406 mm
Rec. max height: 250 mm",https://www.feal.se/ramper/portabla-ramper/iramp-carbon,https://www.feal.se/ramps/portable-ramps/iramp-carbon
10839,10839,suitcase-ramp-kolfiber,portable,10839,"Portabel ramp, suitcase, 1500x805, kolfiber",10839,1500,805,805,,4.6,350,300,Bredd ihopvikt: 406 mm,Folded width: 406 mm,"Length: 1500 mm
Weight: 4,6 kg
SWL: 350 kg
Inside width: 805 mm
Folded width: 406 mm
Rec. max height: 300 mm","Length: 1500 mm
Weight: 4,6 kg
SWL: 350 kg
Inside width: 805 mm
Folded width: 406 mm
Rec. max height: 300 mm",https://www.feal.se/ramper/portabla-ramper/iramp-carbon,https://www.feal.se/ramps/portable-ramps/iramp-carbon
10840,10840,suitcase-ramp-kolfiber,portable,10840,"Portabel ramp, suitcase, 2000x805, kolfiber",10840,2000,805,805,,7.7,300,400,Bredd ihopvikt: 406 mm,Folded width: 406 mm,"Length: 2000 mm
Weight: 7,7 kg
SWL: 300 kg
Inside width: 805 mm
Folded width: 406 mm
Rec. max height: 400 mm","Length: 2000 mm
Weight: 7,7 kg
SWL: 300 kg
Inside width: 805 mm
Folded width: 406 mm
Rec. max height: 400 mm",https://www.feal.se/ramper/portabla-ramper/iramp-carbon,https://www.feal.se/ramps/portable-ramps/iramp-carbon
"10841 Suitcase ramp, 520x760 mm",10841,suitcase-ramp-aluminium,portable,10841,"Portabel ramp, suitcase, 520x760, aluminium","10841 Suitcase ramp, 520x760 mm",520,760,,,4.3,400,100,Bredd ihopvikt: 390 mm,Folded width: 390 mm,"Längd: 520 mm
Bredd åkyta: 760 mm
Bredd ihopfälld: 390 mm
Vikt: 4,3 kg
Maxlast: 400 kg
Rek. maxhöjd: 100 mm","Length: 520/20 mm/in
Inside width: 760/30 mm/in
Folded width: 390/15 mm/in
Weigh: 4,3/9,5 kg/lb
Max. load: 400/880 kg/lb
Recommended max. height: 100/4 mm/in",https://www.feal.se/ramper/portabla-ramper/iramp-portabel,https://www.feal.se/ramps/portable-ramps/iramp-portabel
"10842 Suitcase ramp, 920x760 mm",10842,suitcase-ramp-aluminium,portable,10842,"Portabel ramp, suitcase, 920x760, aluminium","10842 Suitcase ramp, 920x760 mm",920,760,,,7.3,400,200,Bredd ihopvikt: 390 mm,Folded width: 390 mm,"Längd: 920 mm
Bredd åkyta: 760 mm
Bredd ihopfälld: 390 mm
Vikt: 7,3 kg
Maxlast: 400 kg
Rek. maxhöjd: 200 mm","Length: 920/36 mm/in
Inside width: 760/30 mm/in
Folded width: 390/15 mm/in
Weigh: 7,3/16 kg/lb
Max. load: 400/880 kg/lb
Recommended max. height: 200/8 mm/in",https://www.feal.se/ramper/portabla-ramper/iramp-portabel,https://www.feal.se/ramps/portable-ramps/iramp-portabel
"10843 Suitcase ramp, 1160x760 mm",10843,suitcase-ramp-aluminium,portable,10843,"Portabel ramp, suitcase, 1160x760, aluminium","10843 Suitcase ramp, 1160x760 mm",1160,760,,,9.1,400,250,Bredd ihopvikt: 390 mm,Folded width: 390 mm,"Längd: 1160 mm
Bredd åkyta: 760 mm
Bredd ihopfälld: 390 mm
Vikt: 9,1 kg
Maxlast: 400 kg
Rek. maxhöjd: 250 mm","Length: 1160/46 mm/in
Inside width: 760/30 mm/in
Folded width: 390/15 mm/in
Weigh: 9,1/20 kg/lb
Max. load: 400/880 kg/lb
Recommended max. height: 250/10 mm/in",https://www.feal.se/ramper/portabla-ramper/iramp-portabel,https://www.feal.se/ramps/portable-ramps/iramp-portabel
"10844 Suitcase ramp, 1500x760 mm",10844,suitcase-ramp-aluminium,portable,10844,"Portabel ramp, suitcase, 1500x760, aluminium","10844 Suitcase ramp, 1500x760 mm",1500,760,,,11.5,400,300,Bredd ihopvikt: 390 mm,Folded width: 390 mm,"Längd: 1500 mm
Bredd åkyta: 760 mm
Bredd ihopfälld: 390 mm
Vikt: 11,5 kg
Maxlast: 400 kg
Rek. maxhöjd: 300 mm","Length: 1500/59 mm/in
Inside width: 760/30 mm/in
Folded width: 390/15 mm/in
Weigh: 11,5/25,3 kg/lb
Max. load: 400/880 kg/lb
Recommended max. height: 300/12 mm/in",https://www.feal.se/ramper/portabla-ramper/iramp-portabel,https://www.feal.se/ramps/portable-ramps/iramp-portabel
"10845 Suitcase ramp, 1670x760 mm",10845,suitcase-ramp-aluminium,portable,10845,"Portabel ramp, suitcase, 1670x760, aluminium","10845 Suitcase ramp, 1670x760 mm",1670,760,,,12.5,400,350,Bredd ihopvikt: 390 mm,Folded width: 390 mm,"Längd: 1670 mm
Bredd åkyta: 760 mm
Bredd ihopfälld: 390 mm
Vikt: 12,5 kg
Maxlast: 400 kg
Rek. maxhöjd: 350 mm","Length: 1670/66 mm/in
Inside width: 760/30 mm/in
Folded width: 390/15 mm/in
Weigh: 12,5/27,5 kg/lb
Max. load: 400/880 kg/lb
Recommended max. height: 350/14 mm/in",https://www.feal.se/ramper/portabla-ramper/iramp-portabel,https://www.feal.se/ramps/portable-ramps/iramp-portabel
"10846 Suitcase ramp, 2000x760 mm",10846,suitcase-ramp-aluminium,portable,10846,"Portabel ramp, suitcase, 2000x760, aluminium","10846 Suitcase ramp, 2000x760 mm",2000,760,,,15.8,400,400,Bredd ihopvikt: 390 mm,Folded width: 390 mm,"Längd: 2000 mm
Bredd åkyta: 760 mm
Bredd ihopfälld: 390 mm
Vikt: 15,8 kg
Maxlast: 400 kg
Rek. maxhöjd: 400 mm","Length: 2000/79 mm/in
Inside width: 760/30 mm/in
Folded width: 390/15 mm/in
Weigh: 15,8/34,7 kg/lb
Max. load: 400/880 kg/lb
Recommended max. height: 400/16 mm/in",https://www.feal.se/ramper/portabla-ramper/iramp-portabel,https://www.feal.se/ramps/portable-ramps/iramp-portabel
"11056 Anyramp, Foldable, 1000x820 mm",11056,vikbar-ramp,portable,11056,"Portabel ramp, 2-delad vikbar, 1000x820","11056 Anyramp, Foldable, 1000x820 mm",1000,820,820,520,11,400,200,,,"Längd: 1000 mm
Bredd insida: 820 mm
Längd ihopvikt: 520 mm
Vikt: 11 kg
Maxlast: 400 kg
Rek. maxhöjd: 200 mm","Length: 1000/39 mm/in
Inside width: 820/32 mm/in
Folded length: 520/20 mm/in
Weight: 11/24,2 kg/lb
Max. load: 400/880 kg/lb
Recommended max. height: 200/7 mm/in",https://www.feal.se/ramper/portabla-ramper/anyramp,https://www.feal.se/ramps/portable-ramps/anyramp
"11057* Anyramp, 1000x820 mm",11057,vikbar-ramp,portable,11057,"Portabel ramp, enkel, 1000x820","11057* Anyramp, 1000x820 mm",1000,820,820,1000,10,400,200,,,"Längd: 1000 mm
Bredd insida: 820 mm
Längd ihopvikt: 1000 mm
Vikt: 10 kg
Maxlast: 400 kg
Rek. maxhöjd: 200 mm","Length: 1000/39 mm/in
Inside width: 820/32 mm/in
Folded length: 1000/39 mm/in
Weight: 10/22,0 kg/lb
Max. load: 400/880 kg/lb
Recommended max. height: 200/7 mm/in",https://www.feal.se/ramper/portabla-ramper/anyramp,https://www.feal.se/ramps/portable-ramps/anyramp
"11058 Anyramp, Foldable, 1600x820 mm",11058,vikbar-ramp,portable,11058,"Portabel ramp, 2-delad vikbar, 1600x820","11058 Anyramp, Foldable, 1600x820 mm",1600,820,820,850,18,400,320,,,"Längd: 1600 mm
Bredd insida: 820 mm
Längd ihopvikt: 850 mm
Vikt: 18 kg
Maxlast: 400 kg
Rek. maxhöjd: 320 mm","Length: 1600/63 mm/in
Inside width: 820/32 mm/in
Folded length: 850/33 mm/in
Weight: 18/39,6 kg/lb
Max. load: 400/880 kg/lb
Recommended max. height: 320/12 mm/in",https://www.feal.se/ramper/portabla-ramper/anyramp,https://www.feal.se/ramps/portable-ramps/anyramp
"11059 Anyramp, Foldable, 2000x820 mm",11059,vikbar-ramp,portable,11059,"Portabel ramp, 2-delad vikbar, 2000x820","11059 Anyramp, Foldable, 2000x820 mm",2000,820,820,1050,21,400,400,,,"Längd: 2000 mm
Bredd insida: 820 mm
Längd ihopvikt: 1050 mm
Vikt: 21 kg
Maxlast: 400 kg
Rek. maxhöjd: 400 mm","Length: 2000/63 mm/in
Inside width: 820/32 mm/in
Folded length: 1050/41 mm/in
Weight: 21/46,3 kg/lb
Max. load: 400/880 kg/lb
Recommended max. height: 400/15 mm/in",https://www.feal.se/ramper/portabla-ramper/anyramp,https://www.feal.se/ramps/portable-ramps/anyramp
"11060 Anyramp, Foldable, 2500x820 mm",11060,vikbar-ramp,portable,11060,"Portabel ramp, 2-delad vikbar, 2500x820","11060 Anyramp, Foldable, 2500x820 mm",2500,820,820,1300,25,400,500,,,"Längd: 2500 mm
Bredd insida: 820 mm
Längd ihopvikt: 1300 mm
Vikt: 25 kg
Maxlast: 400 kg
Rek. maxhöjd: 500 mm","Length: 2500/98 mm/in
Inside width: 820/32 mm/in
Folded length: 1300/51 mm/in
Weight: 25/55,1 kg/lb
Max. load: 400/880 kg/lb
Recommended max. height: 500/19 mm/in",https://www.feal.se/ramper/portabla-ramper/anyramp,https://www.feal.se/ramps/portable-ramps/anyramp
"11061 Anyramp, Foldable, 2800x820 mm",11061,vikbar-ramp,portable,11061,"Portabel ramp, 2-delad vikbar, 2800x820","11061 Anyramp, Foldable, 2800x820 mm",2800,820,820,1450,29,400,600,,,"Längd: 2800 mm
Bredd insida: 820 mm
Längd ihopvikt: 1450 mm
Vikt: 29 kg
Maxlast: 400 kg
Rek. maxhöjd: 600 mm","Length: 2800x110 mm/in
Inside width: 820/32 mm/in
Folded length: 1450/57 mm/in
Weight: 29/63,9 kg/lb
Max. load: 400/880 kg/lb
Recommended max. height: 600/23 mm/in",https://www.feal.se/ramper/portabla-ramper/anyramp,https://www.feal.se/ramps/portable-ramps/anyramp
