Title,Slug,product_slug (Plain text),category_key (Plain text),article_number (Plain text),name_sv (Plain text),name_en (Plain text),length_mm (Plain text),width_mm (Plain text),inside_width_mm (Plain text),folded_length_mm (Plain text),folded_height_mm (Plain text),weight_kg (Plain text),max_load_kg (Plain text),rec_max_height_mm (Plain text),adjustable_height_mm (Plain text),angle_deg (Plain text),other_specs_sv (Plain text),other_specs_en (Plain text),specs_raw_sv (Rich text),specs_raw_en (Rich text),image (Image),source_url_sv (Link),source_url_en (Link)
"10960 Ramp, 500x900 mm",10960,systemramp-standard-ramper,system-och-modulramper,10960,"10960 Ramp, 500x900 mm","10960 Ramp, 500x900 mm",500,900,,,,6,400,,,,,,"Längd: 500 mm
Bredd: 900 mm
Vikt: 6 kg
Maxlast: 400 kg","Length: 500/20 mm/in
Width: 900/35 mm/in
Weight: 6/13,2 kg/lb
Max. load: 400/880 kg/lb",,https://www.feal.se/ramper/system-och-modulramper/systemramp-standard,https://www.feal.se/ramps/system-and-modular-ramps/system-ramp-standard
"10964 Ramp, 1000x900 mm",10964,systemramp-standard-ramper,system-och-modulramper,10964,"10964 Ramp, 1000x900 mm","10964 Ramp, 1000x900 mm",1000,900,,,,12,400,,,,,,"Längd: 1000 mm
Bredd: 900 mm
Vikt: 12 kg
Maxlast: 400 kg","Length: 1000/40 mm/in
Width: 900/35 mm/in
Weight: 12/26,4 kg/lb
Max. load: 400/880 kg/lb",,https://www.feal.se/ramper/system-och-modulramper/systemramp-standard,https://www.feal.se/ramps/system-and-modular-ramps/system-ramp-standard
"10968 Ramp, 1250x900 mm",10968,systemramp-standard-ramper,system-och-modulramper,10968,"10968 Ramp, 1250x900 mm","10968 Ramp, 1250x900 mm",1250,900,,,,15,400,,,,,,"Längd: 1250 mm
Bredd: 900 mm
Vikt: 15 kg
Maxlast: 400 kg","Length: 1250/49 mm/in
Width: 900/35 mm/in
Weight: 15/33,1 kg/lb
Max. load: 400/880 kg/lb",,https://www.feal.se/ramper/system-och-modulramper/systemramp-standard,https://www.feal.se/ramps/system-and-modular-ramps/system-ramp-standard
"10972 Ramp, 1500x900 mm",10972,systemramp-standard-ramper,system-och-modulramper,10972,"10972 Ramp, 1500x900 mm","10972 Ramp, 1500x900 mm",1500,900,,,,18,400,,,,,,"Längd: 1500 mm
Bredd: 900 mm
Vikt: 18 kg
Maxlast: 400 kg","Length: 1500/59 mm/in
Width: 900/35 mm/in
Weight: 18/39,7 kg/lb
Max. load: 400/880 kg/lb",,https://www.feal.se/ramper/system-och-modulramper/systemramp-standard,https://www.feal.se/ramps/system-and-modular-ramps/system-ramp-standard
"10976 Ramp, 2000x900 mm",10976,systemramp-standard-ramper,system-och-modulramper,10976,"10976 Ramp, 2000x900 mm","10976 Ramp, 2000x900 mm",2000,900,,,,24,400,,,,,,"Längd: 2000 mm
Bredd: 900 mm
Vikt: 24 kg
Maxlast: 400 kg","Length: 2000/79 mm/in
Width: 900/35 mm/in
Weight: 24/53,0 kg/lb
Max. load: 400/880 kg/lb",,https://www.feal.se/ramper/system-och-modulramper/systemramp-standard,https://www.feal.se/ramps/system-and-modular-ramps/system-ramp-standard
"10980 Ramp, 2500x900 mm",10980,systemramp-standard-ramper,system-och-modulramper,10980,"10980 Ramp, 2500x900 mm","10980 Ramp, 2500x900 mm",2500,900,,,,30,400,,,,,,"Längd: 2500 mm
Bredd: 900 mm
Vikt: 30 kg
Maxlast: 400 kg","Length: 2500/98 mm/in
Width: 900/35 mm/in
Weight: 30/66,1 kg/lb
Max. load: 400/880 kg/lb",,https://www.feal.se/ramper/system-och-modulramper/systemramp-standard,https://www.feal.se/ramps/system-and-modular-ramps/system-ramp-standard
"10985 Ramp, 3000x900 mm",10985,systemramp-standard-ramper,system-och-modulramper,10985,"10985 Ramp, 3000x900 mm","10985 Ramp, 3000x900 mm",3000,900,,,,36,400,,,,,,"Längd: 3000 mm
Bredd: 900 mm
Vikt: 36 kg
Maxlast: 400 kg","Length: 3000/118 mm/in
Width: 900/35mm/in
Weight: 36/79,4 kg/lb
Max. load: 400/880 kg/lb",,https://www.feal.se/ramper/system-och-modulramper/systemramp-standard,https://www.feal.se/ramps/system-and-modular-ramps/system-ramp-standard
"10943 Platform, 90°, Broken corner, 1250x1250 mm",10943,systemramp-standard-vilplaner,system-och-modulramper,10943,"10943 Plattform, 90°, Brutet hörn, 1250x1250 mm","10943 Platform, 90°, Broken corner, 1250x1250 mm",,,,,,18,400,,,90,Mått: 1250 x 1250 mm,,"Mått: 1250 x 1250 mm
Vinkel: 90°
Vikt: 18 kg
Maxlast: 400 kg","Dimensions: 1250x1250 mm, 49x49 in
Angle: 90°
Weight: 18/39,7 kg/lb
Max. load: 400/880 kg/lb",,https://www.feal.se/ramper/system-och-modulramper/systemramp-standard,https://www.feal.se/ramps/system-and-modular-ramps/system-ramp-standard
"10944 Platform, 180°, 1250x2000 mm",10944,systemramp-standard-vilplaner,system-och-modulramper,10944,"10944 Plattform, 180°, 2000x1250 mm","10944 Platform, 180°, 1250x2000 mm",,,,,,30,400,,,180,Mått: 1250x2000 mm,,"Mått: 1250x2000 mm
Vinkel: 180°
Vikt: 30 kg
Maxlast: 400 kg","Dimensions: 1250x2000mm, 49 x 79 in
Angle: 180°
Weight: 30/66,1 kg/lb
Max. load: 400/880 kg/lb",,https://www.feal.se/ramper/system-och-modulramper/systemramp-standard,https://www.feal.se/ramps/system-and-modular-ramps/system-ramp-standard
"10947 Platform, 90°, Broken corner, 1500x1500 mm",10947,systemramp-standard-vilplaner,system-och-modulramper,10947,"10947 Plattform, 90°, Brutet hörn, 1500x1500 mm","10947 Platform, 90°, Broken corner, 1500x1500 mm",,,,,,24,400,,,90,Mått: 1500x1500 mm,,"Mått: 1500x1500 mm
Vinkel: 90°
Vikt: 24 kg
Maxlast: 400 kg","Dimensions: 1500x1500 mm, 59x59 in
Angle: 90°
Weight: 24/52,9 kg/lb
Max. load: 400/880 kg/lb",,https://www.feal.se/ramper/system-och-modulramper/systemramp-standard,https://www.feal.se/ramps/system-and-modular-ramps/system-ramp-standard
"10640 Platform, 22°,",10640,systemramp-standard-vilplaner,system-och-modulramper,10640,"10640 Plattform, 22°,","10640 Platform, 22°,",,,,,,,400,,,22.5,,,"Bredd 900 mm
Vinkel: 22,5°
Maxlast: 400 kg","Width 900 mm
Angle: 22,5°
Max. load: 400/880 kg/lb",,https://www.feal.se/ramper/system-och-modulramper/systemramp-standard,https://www.feal.se/ramps/system-and-modular-ramps/system-ramp-standard
"10641 Platform, 45°,",10641,systemramp-standard-vilplaner,system-och-modulramper,10641,"10641 Plattform, 45°,","10641 Platform, 45°,",,,,,,,400,,,45,,,"Bredd 900 mm
Vinkel: 45°
Maxlast: 400 kg","Width 900 mm
Angle: 45°
Max. load: 400/880 kg/lb",,https://www.feal.se/ramper/system-och-modulramper/systemramp-standard,https://www.feal.se/ramps/system-and-modular-ramps/system-ramp-standard
"12976 Step, Starter Module, 250x900 mm",12976,systemramp-standard-modultrappor,system-och-modulramper,12976,"12976 Trappsteg, Startmodul, 250x900 mm","12976 Step, Starter Module, 250x900 mm",,900,,,,4.9,400,,,,Stegdjup: 250 mm,,"Stegdjup: 250 mm
Bredd: 900 mm
Vikt: 4,9 kg
Maxlast: 400 kg","Step depth: 250 mm
Width: 900 mm
Weight: 4.9 kg
Maximum load: 400 kg",,https://www.feal.se/ramper/system-och-modulramper/systemramp-standard,https://www.feal.se/ramps/system-and-modular-ramps/system-ramp-standard
"12977 Step, Extension Module, 250x900 mm",12977,systemramp-standard-modultrappor,system-och-modulramper,12977,"12977 Trappsteg, Påbyggnadsmodul, 250x900 mm","12977 Step, Extension Module, 250x900 mm",,900,,,,4,400,,,,Stegdjup: 250 mm,,"Stegdjup: 250 mm
Bredd: 900 mm
Vikt: 4 kg
Maxlast: 400 kg","Step depth: 250 mm
Width: 900 mm
Weight: 4.0 kg
Maximum load: 400 kg",,https://www.feal.se/ramper/system-och-modulramper/systemramp-standard,https://www.feal.se/ramps/system-and-modular-ramps/system-ramp-standard
"10800 Handrail, 350 mm",10800,systemramp-standard-racken,system-och-modulramper,10800,"10800 Räcke, 350 mm","10800 Handrail, 350 mm",350,,,,,2.6,,,,,,,"Längd: 350 mm
Vikt: 2,6 kg","Length: 350/14 mm/in
Weight: 2,6/5,7 kg/lb",,https://www.feal.se/ramper/system-och-modulramper/systemramp-standard,https://www.feal.se/ramps/system-and-modular-ramps/system-ramp-standard
"10801 Handrail, 500 mm",10801,systemramp-standard-racken,system-och-modulramper,10801,"10801 Räcke, 500 mm","10801 Handrail, 500 mm",500,,,,,2.7,,,,,,,"Längd: 500 mm
Vikt: 2,7 kg","Length: 500/20 mm/in
Weight: 2,7/5,9kg/lb",,https://www.feal.se/ramper/system-och-modulramper/systemramp-standard,https://www.feal.se/ramps/system-and-modular-ramps/system-ramp-standard
"10802 Handrail, 600 mm",10802,systemramp-standard-racken,system-och-modulramper,10802,"10802 Räcke, 600 mm","10802 Handrail, 600 mm",600,,,,,3,,,,,,,"Längd: 600 mm
Vikt: 3 kg","Length: 600/24mm/in
Weight: 3/6,6 kg/lb",,https://www.feal.se/ramper/system-och-modulramper/systemramp-standard,https://www.feal.se/ramps/system-and-modular-ramps/system-ramp-standard
"10803 Handrail, 750 mm",10803,systemramp-standard-racken,system-och-modulramper,10803,"10803 Räcke, 750 mm","10803 Handrail, 750 mm",750,,,,,3,,,,,,,"Längd: 750 mm
Vikt: 3 kg","Length: 750/30 mm/in
Weight: 3/6,6 kg/lb",,https://www.feal.se/ramper/system-och-modulramper/systemramp-standard,https://www.feal.se/ramps/system-and-modular-ramps/system-ramp-standard
"10804 Handrail, 1000 mm",10804,systemramp-standard-racken,system-och-modulramper,10804,"10804 Räcke, 1000 mm","10804 Handrail, 1000 mm",1000,,,,,3.2,,,,,,,"Längd: 1000 mm
Vikt: 3,2 kg","Length: 1000/39 mm/in
Weight: 3,2/7,0 kg/lb",,https://www.feal.se/ramper/system-och-modulramper/systemramp-standard,https://www.feal.se/ramps/system-and-modular-ramps/system-ramp-standard
"10806 Handrail, 1250 mm",10806,systemramp-standard-racken,system-och-modulramper,10806,"10806 Räcke,1250 mm","10806 Handrail, 1250 mm",1250,,,,,3.6,,,,,,,"Längd: 1250 mm
Vikt: 3,6 kg","Length: 1250/49 mm/in
Weight: 3,6/7,9 kg/lb",,https://www.feal.se/ramper/system-och-modulramper/systemramp-standard,https://www.feal.se/ramps/system-and-modular-ramps/system-ramp-standard
"10808 Handrail, 1500 mm",10808,systemramp-standard-racken,system-och-modulramper,10808,"10808 Räcke, 1500 mm","10808 Handrail, 1500 mm",1500,,,,,4,,,,,,,"Längd: 1500 mm
Vikt: 4 kg","Length: 1500/595 mm/in
Weight: 4/8,8 kg/lb",,https://www.feal.se/ramper/system-och-modulramper/systemramp-standard,https://www.feal.se/ramps/system-and-modular-ramps/system-ramp-standard
"10810 Handrail, 2000 mm",10810,systemramp-standard-racken,system-och-modulramper,10810,"10810 Räcke, 2000 mm","10810 Handrail, 2000 mm",2000,,,,,4.8,,,,,,,"Längd: 2000 mm
Vikt: 4,8 kg","Length: 2000/79 mm/in
Weight: 4,8/10,5 kg/lb",,https://www.feal.se/ramper/system-och-modulramper/systemramp-standard,https://www.feal.se/ramps/system-and-modular-ramps/system-ramp-standard
"10812 Handrail, 2500 mm",10812,systemramp-standard-racken,system-och-modulramper,10812,"10812 Räcke, 2500 mm","10812 Handrail, 2500 mm",2500,,,,,5.7,,,,,,,"Längd: 2500 mm
Vikt: 5,7 kg","Length: 2500/98 mm/in
Weight: 5,7/12,5 kg/lb",,https://www.feal.se/ramper/system-och-modulramper/systemramp-standard,https://www.feal.se/ramps/system-and-modular-ramps/system-ramp-standard
"10814 Handrail, 3000 mm",10814,systemramp-standard-racken,system-och-modulramper,10814,"10814 Räcke, 3000 mm","10814 Handrail, 3000 mm",3000,,,,,7.4,,,,,,,"Längd: 3000 mm
Vikt: 7,4 kg","Length: 3000/118 mm/in
Weight: 7,4/16,3 kg/lb",,https://www.feal.se/ramper/system-och-modulramper/systemramp-standard,https://www.feal.se/ramps/system-and-modular-ramps/system-ramp-standard
"13360 Ramp PRO, 960x1300 mm",13360,systemramp-professional-ramper,system-och-modulramper,13360,"13360 Ramp PRO, 960x1300 mm","13360 Ramp PRO, 960x1300 mm",960,1300,,,,,400,,,,,,"Längd: 960 mm
Bredd: 1300 mm
Maxlast: 400 kg",,,https://www.feal.se/ramper/system-och-modulramper/systemramp-professional,https://www.feal.se/ramps/system-and-modular-ramps/system-ramp-professional
"13361 Ramp PRO, 1860x1300mm",13361,systemramp-professional-ramper,system-och-modulramper,13361,"13361 Ramp PRO, 1860x1300mm","13361 Ramp PRO, 1860x1300mm",1860,1300,,,,,400,,,,,,"Längd: 1860 mm
Bredd: 1300 mm
Maxlast: 400 kg",,,https://www.feal.se/ramper/system-och-modulramper/systemramp-professional,https://www.feal.se/ramps/system-and-modular-ramps/system-ramp-professional
"13362 Ramp PRO, 2160x1300 mm",13362,systemramp-professional-ramper,system-och-modulramper,13362,"13362 Ramp PRO, 2160x1300 mm","13362 Ramp PRO, 2160x1300 mm",2160,1300,,,,,400,,,,,,"Längd: 2160 mm
Bredd: 1300 mm
Maxlast: 400 kg",,,https://www.feal.se/ramper/system-och-modulramper/systemramp-professional,https://www.feal.se/ramps/system-and-modular-ramps/system-ramp-professional
"13363 Ramp PRO, 2460x1300 mm",13363,systemramp-professional-ramper,system-och-modulramper,13363,"13363 Ramp PRO, 2460x1300 mm","13363 Ramp PRO, 2460x1300 mm",2160,1300,,,,,400,,,,,,"Längd: 2160 mm
Bredd: 1300 mm
Maxlast: 400 kg",,,https://www.feal.se/ramper/system-och-modulramper/systemramp-professional,https://www.feal.se/ramps/system-and-modular-ramps/system-ramp-professional
"13364 Ramp PRO, 2760x1300 mm",13364,systemramp-professional-ramper,system-och-modulramper,13364,"13364 Ramp PRO, 2760x1300 mm","13364 Ramp PRO, 2760x1300 mm",2760,1300,,,,,400,,,,,,"Längd: 2760 mm
Bredd: 1300 mm
Maxlast: 400 kg",,,https://www.feal.se/ramper/system-och-modulramper/systemramp-professional,https://www.feal.se/ramps/system-and-modular-ramps/system-ramp-professional
"13358 Platform PRO, 180°, 1500x3060 mm",13358,systemramp-professional-vilplaner,system-och-modulramper,13358,"13358 Plattform PRO, 180°, 1500x3060 mm","13358 Platform PRO, 180°, 1500x3060 mm",1500,3060,,,,,400,,,,,,"Längd: 1500 mm
Bredd: 3060 mm
Maxlast: 400 kg","Dimensions: 1500x3060 mm, 59x120,4 in
Max. load: 400/880 kg/lb",,https://www.feal.se/ramper/system-och-modulramper/systemramp-professional,https://www.feal.se/ramps/system-and-modular-ramps/system-ramp-professional
"12976 Step, Starter Module, 250x900 mm",12976-systemramp-professional-modultrappor,systemramp-professional-modultrappor,system-och-modulramper,12976,"12976 Trappsteg, Startmodul, 250x900 mm","12976 Step, Starter Module, 250x900 mm",,900,,,,4.9,400,,,,Stegdjup: 250 mm,,"Stegdjup: 250 mm
Bredd: 900 mm
Vikt: 4,9 kg
Maxlast: 400 kg","Step depth: 250 mm, 9 in
Width: 900 mm, 35 in
Weight: 4.9/10,8 kg/lb
Maximum load: 400/880 kg/lb",,https://www.feal.se/ramper/system-och-modulramper/systemramp-professional,https://www.feal.se/ramps/system-and-modular-ramps/system-ramp-professional
"12977 Step, Extension Module, 250x900 mm",12977-systemramp-professional-modultrappor,systemramp-professional-modultrappor,system-och-modulramper,12977,"12977 Trappsteg, Påbyggnadsmodul, 250x900 mm","12977 Step, Extension Module, 250x900 mm",,900,,,,4,400,,,,Stegdjup: 250 mm,,"Stegdjup: 250 mm
Bredd: 900 mm
Vikt: 4 kg
Maxlast: 400 kg","Step depth: 250 mm, 9 in
Width: 900 mm, 35 in
Weight: 4.0/8,8 kg/lb
Maximum load: 400/880 kg/lb",,https://www.feal.se/ramper/system-och-modulramper/systemramp-professional,https://www.feal.se/ramps/system-and-modular-ramps/system-ramp-professional
"10820 Handrail PRO, 960 mm",10820,systemramp-professional-racken,system-och-modulramper,10820,"10820 Räcke PRO, 960 mm","10820 Handrail PRO, 960 mm",960,,,,,,,,,,,,Längd: 960 mm,Length: 960/37 mm/in,,https://www.feal.se/ramper/system-och-modulramper/systemramp-professional,https://www.feal.se/ramps/system-and-modular-ramps/system-ramp-professional
"10821 Handrail PRO, 1860 mm",10821,systemramp-professional-racken,system-och-modulramper,10821,"10821 Räcke PRO, 1860 mm","10821 Handrail PRO, 1860 mm",1860,,,,,,,,,,,,Längd: 1860 mm,Length: 1860/73 mm/in,,https://www.feal.se/ramper/system-och-modulramper/systemramp-professional,https://www.feal.se/ramps/system-and-modular-ramps/system-ramp-professional
"10822 Handrail PRO, 2760 mm",10822,systemramp-professional-racken,system-och-modulramper,10822,"10822 Räcke PRO, 2760 mm","10822 Handrail PRO, 2760 mm",2760,,,,,,,,,,,,Längd: 2760 mm,Length: 2760/108 mm/in,,https://www.feal.se/ramper/system-och-modulramper/systemramp-professional,https://www.feal.se/ramps/system-and-modular-ramps/system-ramp-professional
"13561 Handrail PRO, 3060 mm",13561,systemramp-professional-racken,system-och-modulramper,13561,"13561 Räcke PRO, 3060 mm","13561 Handrail PRO, 3060 mm",3060,,,,,,,,,,,,Längd: 3060 mm,"Length: 3060x120,4 in",,https://www.feal.se/ramper/system-och-modulramper/systemramp-professional,https://www.feal.se/ramps/system-and-modular-ramps/system-ramp-professional
