Title,Slug,category_key (Plain text),category_sv (Plain text),category_en (Plain text),subcategory_sv (Plain text),subcategory_en (Plain text),name_sv (Plain text),name_en (Plain text),article_numbers (Plain text),overview_sv (Plain text),overview_en (Plain text),description_sv (Rich text),description_en (Rich text),features_sv (Rich text),features_en (Rich text),image_1 (Image),image_2 (Image),caption_sv_2 (Plain text),caption_en_2 (Plain text),image_3 (Image),caption_sv_3 (Plain text),caption_en_3 (Plain text),image_4 (Image),caption_sv_4 (Plain text),caption_en_4 (Plain text),image_5 (Image),caption_sv_5 (Plain text),caption_en_5 (Plain text),image_6 (Image),caption_sv_6 (Plain text),caption_en_6 (Plain text),image_7 (Image),caption_sv_7 (Plain text),caption_en_7 (Plain text),image_8 (Image),caption_sv_8 (Plain text),caption_en_8 (Plain text),image_9 (Image),caption_sv_9 (Plain text),caption_en_9 (Plain text),image_10 (Image),caption_sv_10 (Plain text),caption_en_10 (Plain text),image_11 (Image),caption_sv_11 (Plain text),caption_en_11 (Plain text),image_12 (Image),caption_sv_12 (Plain text),caption_en_12 (Plain text),image_13 (Image),caption_sv_13 (Plain text),caption_en_13 (Plain text),image_14 (Image),caption_sv_14 (Plain text),caption_en_14 (Plain text),image_15 (Image),caption_sv_15 (Plain text),caption_en_15 (Plain text),source_url_sv (Link),source_url_en (Link),source_product_slug (Plain text)
Loading ramp PRO,fordonsmonterad-2-delad-lastram,transport,Transport,Transport,Fordonsmonterade 2-delade Lastramper,Loading ramp PRO,Fordonsmonterade 2-delade Lastramper,Loading ramp PRO,"10922, 10918, 10923, 10919, 10924, 10920, 10925, 10921",Lastramper PRO i slitstarkt material för tyngre last. Monteras baktill; specialmått på begäran.,PRO loading ramps in durable material for heavier cargo. Mount at the rear; custom sizes on request.,"Upptäck våra PRO-modeller – tillverkade i slitstarkt material och designade för att hålla över tid. De monteras enkelt baktill på ditt fordon och ger dig en smidig, säker lösning för lastning och lossning.  
  
Vår PRO-modell är det perfekta valet för dig som behöver en extra robust ramp, anpassad för att klara tyngre laster. Oavsett om det handlar om maskiner, utrustning eller annat tungt gods, hjälper PRO-modellen dig att få jobbet gjort enklare och tryggare.  
  
Behöver du något utöver standard? Vi erbjuder även specialanpassade ramper – skräddarsydda efter dina behov och önskemål.  
  
Kontakta oss idag för att hitta rätt ramp för just ditt fordon!  
  
  
### Standard installation  
  
  
### Montering av vår adapterplatta
  
Med vår adapterplatta monterar du snabbt och enkelt din lastramp  
  
  
## Lastramp PRO 2-delad
  
Med stödben klarar alla dessa ramper 1000 kg i belastning.","Our PRO-models are made from durable, hardwearing materials and designed to stand the test of time. They are easily mounted on the back of your vehicle, providing a smooth and safe solution for loading and unloading.  
  
Need a ramp for heavier loads?  
  
Our PRO model is the perfect choice for anyone who requires an extra robust ramp, built to handle heavier equipment and cargo. Whether you're transporting machinery, tools, or other heavy goods, the PRO model makes the job easier and safer.  
  
Looking for something beyond the standard options?  
  
We also offer customized ramps – tailored to your specific needs and requirements.  
  
Get in touch with us today to find the perfect ramp for your vehicle!  
  
  
### Standard Installation  
  
  
### Mounting Swivel base
  
With our adapter plate, you can easily and quick mount your tailboardramp.  
  
All of these ramps are suitable for loads of up to 1000 kg/2205 lb if support legs are used.","### Standard installation  
  
  
### Montering av vår adapterplatta
  
Med vår adapterplatta monterar du snabbt och enkelt din lastramp","### Standard Installation  
  
  
### Mounting Swivel base
  
With our adapter plate, you can easily and quick mount your tailboardramp.",https://cdn.jsdelivr.net/gh/redelefant-mr-e/FEAL@main/assets/images/1268_d01b21ca.png,https://cdn.jsdelivr.net/gh/redelefant-mr-e/FEAL@main/assets/images/f3ccdd27d2000e3f9255a7e3e2c48800.jpg,Med vår adapterplatta monterar du snabbt och enkelt din lastramp,"With our adapter plate, you can easily and quick mount your tailboardramp.",https://cdn.jsdelivr.net/gh/redelefant-mr-e/FEAL@main/assets/images/156005c5baf40ff51a327f1c34f2975b.jpg,Med vår adapterplatta monterar du snabbt och enkelt din lastramp,"With our adapter plate, you can easily and quick mount your tailboardramp.",https://cdn.jsdelivr.net/gh/redelefant-mr-e/FEAL@main/assets/images/799bad5a3b514f096e69bbc4a7896cd9.jpg,Med vår adapterplatta monterar du snabbt och enkelt din lastramp,"With our adapter plate, you can easily and quick mount your tailboardramp.",https://cdn.jsdelivr.net/gh/redelefant-mr-e/FEAL@main/assets/images/d0096ec6c83575373e3a21d129ff8fef.jpg,Med vår adapterplatta monterar du snabbt och enkelt din lastramp,"With our adapter plate, you can easily and quick mount your tailboardramp.",https://cdn.jsdelivr.net/gh/redelefant-mr-e/FEAL@main/assets/images/032b2cc936860b03048302d991c3498f.jpg,Med vår adapterplatta monterar du snabbt och enkelt din lastramp,"With our adapter plate, you can easily and quick mount your tailboardramp.",https://cdn.jsdelivr.net/gh/redelefant-mr-e/FEAL@main/assets/images/18e2999891374a475d0687ca9f989d83.jpg,Med vår adapterplatta monterar du snabbt och enkelt din lastramp,"With our adapter plate, you can easily and quick mount your tailboardramp.",https://cdn.jsdelivr.net/gh/redelefant-mr-e/FEAL@main/assets/images/fe5df232cafa4c4e0f1a0294418e5660.jpg,Med vår adapterplatta monterar du snabbt och enkelt din lastramp,"With our adapter plate, you can easily and quick mount your tailboardramp.",https://www.feal.se/20.0.0.0/1093/8cda81fc7ad906927144235dda5fdf15.jpg,Med vår adapterplatta monterar du snabbt och enkelt din lastramp,"With our adapter plate, you can easily and quick mount your tailboardramp.",https://www.feal.se/20.0.0.0/1094/30e62fddc14c05988b44e7c02788e187.jpg,Med vår adapterplatta monterar du snabbt och enkelt din lastramp,"With our adapter plate, you can easily and quick mount your tailboardramp.",https://www.feal.se/20.0.0.0/1095/ae566253288191ce5d879e51dae1d8c3.jpg,Med vår adapterplatta monterar du snabbt och enkelt din lastramp,"With our adapter plate, you can easily and quick mount your tailboardramp.",https://www.feal.se/20.0.0.0/1096/62bf1edb36141f114521ec4bb4175579.jpg,Med vår adapterplatta monterar du snabbt och enkelt din lastramp,"With our adapter plate, you can easily and quick mount your tailboardramp.",https://www.feal.se/20.0.0.0/1097/8df7b73a7820f4aef47864f2a6c5fccf.jpg,Med vår adapterplatta monterar du snabbt och enkelt din lastramp,"With our adapter plate, you can easily and quick mount your tailboardramp.",https://www.feal.se/20.0.0.0/1098/9414a8f5b810972c3c9a0e2860c07532.jpg,Med vår adapterplatta monterar du snabbt och enkelt din lastramp,"With our adapter plate, you can easily and quick mount your tailboardramp.",https://www.feal.se/20.0.0.0/1099/edab7ba7e203cd7576d1200465194ea8.jpg,Med vår adapterplatta monterar du snabbt och enkelt din lastramp,"With our adapter plate, you can easily and quick mount your tailboardramp.",https://www.feal.se/ramper/fordonsramper/lastramper,https://www.feal.se/ramps/vehicle-ramps/loading-ramps,lastramper
Loading rails PRO,portabla-lastskenor,transport,Transport,Transport,Portabla Lastskenor,Loading rails PRO,Portabla Lastskenor,Loading rails PRO,"10933, 10934, 10935, 10936, 10937, 10938",Vikbara lastskenor PRO i flera mått. Enkla att ta med; speciallängder finns att beställa.,Foldable PRO loading rails in several sizes. Easy to bring along; special lengths available on request.,"Vikbara skenor som finns i ett flertal olika mått. Enkla att ta med och använda. Vi gör även specialanpassade skenor efter önskemål.

- De unika greppytorna på våra lastramper har utvecklats för att skapa den mest halksäkra rampen med det ultimata greppet för uppåt- och nedåtrullning.
- Perfekt för lastning utav fyrhjuliga motorcyklar, åkgräsklippare eller vid lastning med säckkärra.
- Välj mellan fasta eller vikbara lastramper. Vi gör även specialanpassade skenor efter önskemål.","Folding loading rails available in several different sizes. Easy to take with you and use. We also make specially adapted rails upon request.

- The unique grip areas of our portable ramps have been developed to create the most slip-resistant ramp with the ultimate grip for up and down rolling.
- Perfect for loading of four-wheeled motorcycles, lawn mowers or when loading with a sack carrier.
- Choose between fixed or foldable load ramps. We also make customized rails as desired.","### Halksäker yta
  
De unika greppytorna på våra lastramper har utvecklats för att skapa den mest halksäkra rampen med det ultimata greppet för uppåt- och nedåtrullning.  
  
  
### Många användningsområden
  
Perfekt för lastning utav fyrhjuliga motorcyklar, åkgräsklippare eller vid lastning med säckkärra.  
  
  
### Vikbar eller fast
  
Välj mellan fasta eller vikbara lastramper. Vi gör även specialanpassade skenor efter önskemål.","### Non-slip surface
  
The unique grip areas of our portable ramps have been developed to create the most slip-resistant ramp with the ultimate grip for up and down rolling.  
  
  
### Many applications
  
Perfect for loading of four-wheeled motorcycles, lawn mowers or when loading with a sack carrier.  
  
  
### Folding or fixed
  
Choose between fixed or foldable load ramps. We also make customized rails as desired.",https://cdn.jsdelivr.net/gh/redelefant-mr-e/FEAL@main/assets/images/1158_d01b21ca.png,https://cdn.jsdelivr.net/gh/redelefant-mr-e/FEAL@main/assets/images/1169_961ad98d.jpg,De unika greppytorna på våra lastramper har utvecklats för att skapa den mest halksäkra rampen med det ultimata greppet för uppåt- och nedåtrullning.,The unique grip areas of our portable ramps have been developed to create the most slip-resistant ramp with the ultimate grip for up and down rolling.,https://cdn.jsdelivr.net/gh/redelefant-mr-e/FEAL@main/assets/images/1170_961ad98d.jpg,"Perfekt för lastning utav fyrhjuliga motorcyklar, åkgräsklippare eller vid lastning med säckkärra.","Perfect for loading of four-wheeled motorcycles, lawn mowers or when loading with a sack carrier.",https://cdn.jsdelivr.net/gh/redelefant-mr-e/FEAL@main/assets/images/1171_961ad98d.jpg,Välj mellan fasta eller vikbara lastramper. Vi gör även specialanpassade skenor efter önskemål.,Choose between fixed or foldable load ramps. We also make customized rails as desired.,,,,,,,,,,,,,,,,,,,,,,,,,,,,,,,,,,https://www.feal.se/ramper/portabla-ramper/lastskenor,https://www.feal.se/ramps/portable-ramps/loading-rails,lastskenor
