article_number,application,new_product_slug,excel_sheet,excel_name_sv,old_product_slug,old_category_key,match_status
10851,fordon,fordonsmonterad-2-delad-ramp,Fordonsmonterad 2-delad ramp,"Fordonsmonterad ramp, 2-delad, 1600x820",iramp-vehicle-tvadelad,fordonsramper,matched
10853,fordon,fordonsmonterad-2-delad-ramp,Fordonsmonterad 2-delad ramp,"Fordonsmonterad ramp, 2-delad, 1800x820",iramp-vehicle-tvadelad,fordonsramper,matched
10855,fordon,fordonsmonterad-2-delad-ramp,Fordonsmonterad 2-delad ramp,"Fordonsmonterad ramp, 2-delad, 2000x820",iramp-vehicle-tvadelad,fordonsramper,matched
10861,fordon,fordonsmonterad-2-delad-ramp,Fordonsmonterad 2-delad ramp,"Fordonsmonterad ramp, 2-delad, 2200x820",iramp-vehicle-tvadelad,fordonsramper,matched
10863,fordon,fordonsmonterad-2-delad-ramp,Fordonsmonterad 2-delad ramp,"Fordonsmonterad ramp, 2-delad, 2400x820",iramp-vehicle-tvadelad,fordonsramper,matched
10872,fordon,fordonsmonterad-2-delad-ramp,Fordonsmonterad 2-delad ramp,"Fordonsmonterad ramp, 2-delad, 2600x820",iramp-vehicle-tvadelad,fordonsramper,matched
10874,fordon,fordonsmonterad-2-delad-ramp,Fordonsmonterad 2-delad ramp,"Fordonsmonterad ramp, 2-delad, 2800x820",iramp-vehicle-tvadelad,fordonsramper,matched
12374,fordon,fordonsmonterad-2-delad-ramp,Fordonsmonterad 2-delad ramp,"Fordonsmonterad ramp, 2-delad, 1600x900",iramp-vehicle-tvadelad,fordonsramper,matched
10852,fordon,fordonsmonterad-2-delad-ramp,Fordonsmonterad 2-delad ramp,"Fordonsmonterad ramp, 2-delad, 1800x900",iramp-vehicle-tvadelad,fordonsramper,matched
10854,fordon,fordonsmonterad-2-delad-ramp,Fordonsmonterad 2-delad ramp,"Fordonsmonterad ramp, 2-delad, 2000x900",iramp-vehicle-tvadelad,fordonsramper,matched
10860,fordon,fordonsmonterad-2-delad-ramp,Fordonsmonterad 2-delad ramp,"Fordonsmonterad ramp, 2-delad, 2200x900",iramp-vehicle-tvadelad,fordonsramper,matched
10862,fordon,fordonsmonterad-2-delad-ramp,Fordonsmonterad 2-delad ramp,"Fordonsmonterad ramp, 2-delad, 2400x900",iramp-vehicle-tvadelad,fordonsramper,matched
10871,fordon,fordonsmonterad-2-delad-ramp,Fordonsmonterad 2-delad ramp,"Fordonsmonterad ramp, 2-delad, 2600x900",iramp-vehicle-tvadelad,fordonsramper,matched
10873,fordon,fordonsmonterad-2-delad-ramp,Fordonsmonterad 2-delad ramp,"Fordonsmonterad ramp, 2-delad, 2800x900",iramp-vehicle-tvadelad,fordonsramper,matched
10870,fordon,fordonsmonterad-3-delad-ramp,Fordonsmonterad 3-delad ramp,"Fordonsmonterad ramp, 3-delad, 2500x820",iramp-vehicle-tredelad,fordonsramper,matched
10881,fordon,fordonsmonterad-3-delad-ramp,Fordonsmonterad 3-delad ramp,"Fordonsmonterad ramp, 3-delad, 2800x820",iramp-vehicle-tredelad,fordonsramper,matched
10883,fordon,fordonsmonterad-3-delad-ramp,Fordonsmonterad 3-delad ramp,"Fordonsmonterad ramp, 3-delad, 3100x820",iramp-vehicle-tredelad,fordonsramper,matched
10885,fordon,fordonsmonterad-3-delad-ramp,Fordonsmonterad 3-delad ramp,"Fordonsmonterad ramp, 3-delad, 3400x820",iramp-vehicle-tredelad,fordonsramper,matched
10887,fordon,fordonsmonterad-3-delad-ramp,Fordonsmonterad 3-delad ramp,"Fordonsmonterad ramp, 3-delad, 3700x820",iramp-vehicle-tredelad,fordonsramper,matched
10889,fordon,fordonsmonterad-3-delad-ramp,Fordonsmonterad 3-delad ramp,"Fordonsmonterad ramp, 3-delad, 4000x820",iramp-vehicle-tredelad,fordonsramper,matched
10891,fordon,fordonsmonterad-3-delad-ramp,Fordonsmonterad 3-delad ramp,"Fordonsmonterad ramp, 3-delad, 4300x820",iramp-vehicle-tredelad,fordonsramper,matched
10869,fordon,fordonsmonterad-3-delad-ramp,Fordonsmonterad 3-delad ramp,"Fordonsmonterad ramp, 3-delad, 2500x900",iramp-vehicle-tredelad,fordonsramper,matched
10880,fordon,fordonsmonterad-3-delad-ramp,Fordonsmonterad 3-delad ramp,"Fordonsmonterad ramp, 3-delad, 2800x900",iramp-vehicle-tredelad,fordonsramper,matched
10882,fordon,fordonsmonterad-3-delad-ramp,Fordonsmonterad 3-delad ramp,"Fordonsmonterad ramp, 3-delad, 3100x900",iramp-vehicle-tredelad,fordonsramper,matched
10884,fordon,fordonsmonterad-3-delad-ramp,Fordonsmonterad 3-delad ramp,"Fordonsmonterad ramp, 3-delad, 3400x900",iramp-vehicle-tredelad,fordonsramper,matched
10886,fordon,fordonsmonterad-3-delad-ramp,Fordonsmonterad 3-delad ramp,"Fordonsmonterad ramp, 3-delad, 3700x900",iramp-vehicle-tredelad,fordonsramper,matched
10888,fordon,fordonsmonterad-3-delad-ramp,Fordonsmonterad 3-delad ramp,"Fordonsmonterad ramp, 3-delad, 4000x900",iramp-vehicle-tredelad,fordonsramper,matched
10890,fordon,fordonsmonterad-3-delad-ramp,Fordonsmonterad 3-delad ramp,"Fordonsmonterad ramp, 3-delad, 4300x900",iramp-vehicle-tredelad,fordonsramper,matched
11068,portable,enkelskena,Enkelskena,"Portabel skena, enkel, 550x210",fasta-ramper,portabla-ramper,matched
11070,portable,enkelskena,Enkelskena,"Portabel skena, enkel, 1160x210",fasta-ramper,portabla-ramper,matched
11072,portable,enkelskena,Enkelskena,"Portabel skena, enkel, 1060x270",fasta-ramper,portabla-ramper,matched
10743,portable,vikbar-skena,Vikbar skena,"Portabel skena, 2-delad vikbar, 1110x210",vikbara-ramper,portabla-ramper,matched
10745,portable,vikbar-skena,Vikbar skena,"Portabel skena, 2-delad vikbar, 1510x210",vikbara-ramper,portabla-ramper,matched
10747,portable,vikbar-skena,Vikbar skena,"Portabel skena, 2-delad vikbar, 2010x210",vikbara-ramper,portabla-ramper,matched
10799,portable,vikbar-skena,Vikbar skena,"Portabel skena, 2-delad vikbar, 2130x270",vikbara-ramper,portabla-ramper,matched
10773,portable,vikbar-skena,Vikbar skena,"Portabel skena, 2-delad vikbar, 1100x180, låg kant",vikbara-ramper,portabla-ramper,matched
10774,portable,vikbar-skena,Vikbar skena,"Portabel skena, 2-delad vikbar, 1500x180, låg kant",vikbara-ramper,portabla-ramper,matched
10775,portable,vikbar-skena,Vikbar skena,"Portabel skena, 2-delad vikbar, 2000x180, låg kant",vikbara-ramper,portabla-ramper,matched
11039,portable,teleskopisk-skena,Teleskopisk skena,"Portabel skena, 2-delad teleskopisk, 850x190",teleskopramper,portabla-ramper,matched
11041,portable,teleskopisk-skena,Teleskopisk skena,"Portabel skena, 2-delad teleskopisk, 1190x190",teleskopramper,portabla-ramper,matched
11043,portable,teleskopisk-skena,Teleskopisk skena,"Portabel skena, 2-delad teleskopisk, 2020x190",teleskopramper,portabla-ramper,matched
11044,portable,teleskopisk-skena,Teleskopisk skena,"Portabel skena, 3-delad teleskopisk, 1990x170",teleskopramper,portabla-ramper,matched
11047,portable,teleskopisk-skena,Teleskopisk skena,"Portabel skena, 3-delad teleskopisk, 2850x170",teleskopramper,portabla-ramper,matched
10793,portable,vikbar-teleskopisk-skena,Vikbar Teleskopisk skena ,"Portabel skena, 3-delad vikbar teleskopisk, 2010x190",vikbara-teleskopramper,portabla-ramper,matched
10795,portable,vikbar-teleskopisk-skena,Vikbar Teleskopisk skena ,"Portabel skena, 3-delad vikbar teleskopisk, 2770x190",vikbara-teleskopramper,portabla-ramper,matched
10797,portable,vikbar-teleskopisk-skena,Vikbar Teleskopisk skena ,"Portabel skena, 3-delad vikbar teleskopisk, 2050x250",vikbara-teleskopramper,portabla-ramper,matched
10798,portable,vikbar-teleskopisk-skena,Vikbar Teleskopisk skena ,"Portabel skena, 3-delad vikbar teleskopisk, 2950x250",vikbara-teleskopramper,portabla-ramper,matched
10837,portable,suitcase-ramp-kolfiber,Suitcase ramp Kolfiber,"Portabel ramp, suitcase, 750x805, kolfiber",iramp-carbon,portabla-ramper,matched
10838,portable,suitcase-ramp-kolfiber,Suitcase ramp Kolfiber,"Portabel ramp, suitcase, 1200x805, kolfiber",iramp-carbon,portabla-ramper,matched
10839,portable,suitcase-ramp-kolfiber,Suitcase ramp Kolfiber,"Portabel ramp, suitcase, 1500x805, kolfiber",iramp-carbon,portabla-ramper,matched
10840,portable,suitcase-ramp-kolfiber,Suitcase ramp Kolfiber,"Portabel ramp, suitcase, 2000x805, kolfiber",iramp-carbon,portabla-ramper,matched
10841,portable,suitcase-ramp-aluminium,Suitcase ramp Aluminium,"Portabel ramp, suitcase, 520x760, aluminium",iramp-portabel,portabla-ramper,matched
10842,portable,suitcase-ramp-aluminium,Suitcase ramp Aluminium,"Portabel ramp, suitcase, 920x760, aluminium",iramp-portabel,portabla-ramper,matched
10843,portable,suitcase-ramp-aluminium,Suitcase ramp Aluminium,"Portabel ramp, suitcase, 1160x760, aluminium",iramp-portabel,portabla-ramper,matched
10844,portable,suitcase-ramp-aluminium,Suitcase ramp Aluminium,"Portabel ramp, suitcase, 1500x760, aluminium",iramp-portabel,portabla-ramper,matched
10845,portable,suitcase-ramp-aluminium,Suitcase ramp Aluminium,"Portabel ramp, suitcase, 1670x760, aluminium",iramp-portabel,portabla-ramper,matched
10846,portable,suitcase-ramp-aluminium,Suitcase ramp Aluminium,"Portabel ramp, suitcase, 2000x760, aluminium",iramp-portabel,portabla-ramper,matched
11056,portable,vikbar-ramp,Vikbar ramp,"Portabel ramp, 2-delad vikbar, 1000x820",anyramp,portabla-ramper,matched
11057,portable,vikbar-ramp,Vikbar ramp,"Portabel ramp, enkel, 1000x820",anyramp,portabla-ramper,matched
11058,portable,vikbar-ramp,Vikbar ramp,"Portabel ramp, 2-delad vikbar, 1600x820",anyramp,portabla-ramper,matched
11059,portable,vikbar-ramp,Vikbar ramp,"Portabel ramp, 2-delad vikbar, 2000x820",anyramp,portabla-ramper,matched
11060,portable,vikbar-ramp,Vikbar ramp,"Portabel ramp, 2-delad vikbar, 2500x820",anyramp,portabla-ramper,matched
11061,portable,vikbar-ramp,Vikbar ramp,"Portabel ramp, 2-delad vikbar, 2800x820",anyramp,portabla-ramper,matched
10922,transport,fordonsmonterad-2-delad-lastram,Fordonsmonterad 2-delad Lastram,"Fordonsmonterad lastramp, 2-delad, 2000x1100",lastramper,fordonsramper,matched
10918,transport,fordonsmonterad-2-delad-lastram,Fordonsmonterad 2-delad Lastram,"Fordonsmonterad lastramp, 2-delad, 2000x900",lastramper,fordonsramper,matched
10923,transport,fordonsmonterad-2-delad-lastram,Fordonsmonterad 2-delad Lastram,"Fordonsmonterad lastramp, 2-delad, 2250x1100",lastramper,fordonsramper,matched
10919,transport,fordonsmonterad-2-delad-lastram,Fordonsmonterad 2-delad Lastram,"Fordonsmonterad lastramp, 2-delad, 2250x900",lastramper,fordonsramper,matched
10924,transport,fordonsmonterad-2-delad-lastram,Fordonsmonterad 2-delad Lastram,"Fordonsmonterad lastramp, 2-delad, 2500x1100",lastramper,fordonsramper,matched
10920,transport,fordonsmonterad-2-delad-lastram,Fordonsmonterad 2-delad Lastram,"Fordonsmonterad lastramp, 2-delad, 2500x900",lastramper,fordonsramper,matched
10925,transport,fordonsmonterad-2-delad-lastram,Fordonsmonterad 2-delad Lastram,"Fordonsmonterad lastramp, 2-delad, 2850x1100",lastramper,fordonsramper,matched
10921,transport,fordonsmonterad-2-delad-lastram,Fordonsmonterad 2-delad Lastram,"Fordonsmonterad lastramp, 2-delad, 2850x900",lastramper,fordonsramper,matched
10933,transport,portabla-lastskenor,Portabla Lastskenor,"Portabel lastskena, enkel 1500x270",lastskenor,portabla-ramper,matched
10934,transport,portabla-lastskenor,Portabla Lastskenor,"Portabel lastskena, enkel, 2000x270",lastskenor,portabla-ramper,matched
10935,transport,portabla-lastskenor,Portabla Lastskenor,"Portabel lastskena, enkel, 2500x270",lastskenor,portabla-ramper,matched
10936,transport,portabla-lastskenor,Portabla Lastskenor,"Portabel lastskena, 2-delad vikbar, 1500x270",lastskenor,portabla-ramper,matched
10937,transport,portabla-lastskenor,Portabla Lastskenor,"Portabel lastskena, 2-delad vikbar, 2000x270",lastskenor,portabla-ramper,matched
10938,transport,portabla-lastskenor,Portabla Lastskenor,"Portabel lastskena, 2-delad vikbar, 2500x270",lastskenor,portabla-ramper,matched
10910,transport,,,,lastramper,fordonsramper,excluded_not_in_excel
10911,transport,,,,lastramper,fordonsramper,excluded_not_in_excel
10912,transport,,,,lastramper,fordonsramper,excluded_not_in_excel
10913,transport,,,,lastramper,fordonsramper,excluded_not_in_excel
10914,transport,,,,lastramper,fordonsramper,excluded_not_in_excel
10915,transport,,,,lastramper,fordonsramper,excluded_not_in_excel
10916,transport,,,,lastramper,fordonsramper,excluded_not_in_excel
10917,transport,,,,lastramper,fordonsramper,excluded_not_in_excel
